treatment,habitat,elevation,sample,pH,temperature,conductivity,Alnusend,Piperend,Crotonend ,weightend,weightinitial ,Alnusinitial,Piperinitial,Crotoninitial ,Culicidae,chironomidae,Ceratopogonidae,Diptera,syrphidae,Ephydridae,Tipulidae,Hydrophilidea,scirtidae,Stratyimidae,acari,Collembola,entomobryidae,Isotomidae,Hypogastruridae,Araneae,Cecidomyiidae,Isopoda,coleopteralarvae,Micropezidae,Musciadea,Faniidae,Sciaroidea
mixA,edge,Low,1,5.7,15.9,539,NA,NA,NA,NA,3,1.5,1.5,0,0,0,0,0,0,0,0,0,0,0,0,0,0,0,0,0,0,0,0,0,0,0,0
mixA,edge,Low,2,5.9,15.8,99.3,0.59,0.95,0,1.54,3,1.5,1.5,0,36,0,0,0,0,0,0,0,0,0,0,0,0,0,0,0,0,0,0,0,0,0,0
mixA,edge,Low,3,6.5,16,73.3,0.58,0.63,0,1.21,3,1.5,1.5,0,31,0,0,0,0,0,0,0,0,0,0,0,0,0,0,0,0,0,0,0,0,0,0
mixA,edge,Low,4,5.8,15.4,231,0.72,0.52,0,1.24,3,1.5,1.5,0,3,0,0,0,0,0,0,0,0,0,0,0,0,0,0,0,0,0,0,0,0,0,0
mixA,edge,Low,5,6.5,15.2,69,0.5,0.27,0,0.77,3,1.5,1.5,0,43,0,0,0,0,0,0,0,0,0,0,0,0,0,0,0,0,0,0,0,0,0,0
mixA,edge,Low,6,6.1,15.3,407,0.89,0.69,0,1.58,3,1.5,1.5,0,0,0,0,0,0,0,0,0,0,0,0,0,0,0,0,0,0,0,0,0,0,0,0
mixA,edge,Low,7,NA,NA,NA,NA,NA,NA,NA,3,1.5,1.5,0,NA,NA,NA,NA,NA,NA,NA,NA,NA,NA,NA,NA,NA,NA,NA,NA,NA,NA,NA,NA,NA,NA,NA
mixA,edge,Low,8,6.5,13.9,214,0.62,0.71,0,1.33,3,1.5,1.5,0,55,0,0,0,0,0,0,0,0,0,2,0,0,0,0,0,0,0,0,0,0,0,0
mixA,edge,Low,9,5.1,13.5,89.9,0.89,1.07,0,1.96,3,1.5,1.5,0,6,0,0,0,0,0,0,0,0,0,0,0,0,0,0,0,0,0,0,0,0,0,0
mixA,edge,Low,10,5.2,14.3,104.8,0.6,0.71,0,1.31,3,1.5,1.5,0,4,0,0,0,0,0,0,0,0,0,0,0,0,0,0,0,0,0,0,0,0,0,0
mixA,edge,Low,11,6.1,13.8,37.6,0.4,0.42,0,0.82,3,1.5,1.5,0,15,49,0,0,0,0,0,0,0,0,0,0,0,0,0,0,0,0,0,0,0,0,0
mixA,edge,Low,12,6.2,12.9,134.2,0.32,0.85,0,1.17,3,1.5,1.5,0,13,0,0,0,0,0,0,0,0,0,0,0,0,0,0,0,0,0,0,0,0,0,0
mixA,interior,Low,1,6.6,14.5,84.7,0.68,0.44,0,1.12,3,1.5,1.5,0,26,0,0,0,0,0,0,0,0,0,0,0,0,0,0,0,0,0,0,0,0,0,0
mixA,interior,Low,2,6,14.5,353,0.22,0.46,0,0.68,3,1.5,1.5,0,1,0,0,0,0,0,0,0,0,0,0,0,0,0,0,0,0,0,0,0,0,0,0
mixA,interior,Low,3,6.3,15.5,908,0.53,0.45,0,0.98,3,1.5,1.5,0,0,0,0,0,0,0,0,0,0,0,0,0,0,0,0,0,0,0,0,0,0,0,0
mixA,interior,Low,4,NA,NA,NA,NA,NA,NA,NA,3,1.5,1.5,0,NA,NA,NA,NA,NA,NA,NA,NA,NA,NA,NA,NA,NA,NA,NA,NA,NA,NA,NA,NA,NA,NA,NA
mixA,interior,Low,5,6.3,15.1,855,0.36,0.47,0,0.83,3,1.5,1.5,0,71,0,0,0,0,0,0,0,0,0,0,0,0,0,0,0,0,0,0,0,0,0,0
mixA,interior,Low,6,6.5,15,217,0.64,1.24,0,1.88,3,1.5,1.5,0,2,0,0,0,0,0,0,0,0,0,1,0,0,0,0,0,0,0,0,0,0,0,0
mixA,interior,Low,7,NA,NA,NA,NA,NA,NA,NA,3,1.5,1.5,0,NA,NA,NA,NA,NA,NA,NA,NA,NA,NA,NA,NA,NA,NA,NA,NA,NA,NA,NA,NA,NA,NA,NA
mixA,interior,Low,8,6.3,14,293,0.43,0.67,0,1.1,3,1.5,1.5,0,0,0,0,0,0,0,0,0,0,0,0,0,0,0,0,0,0,0,0,0,0,0,0
mixA,interior,Low,9,6.1,13.5,114.3,0.33,0.58,0,0.91,3,1.5,1.5,0,18,18,0,0,0,0,0,0,0,0,2,0,0,0,0,0,0,0,0,0,0,0,0
mixA,interior,Low,10,6.2,13.9,108.3,0.67,0.63,0,1.3,3,1.5,1.5,0,13,0,0,0,0,0,0,0,0,0,0,0,0,0,0,0,0,0,0,0,0,0,0
mixA,interior,Low,11,5.7,13.3,85,0.4,0.47,0,0.87,3,1.5,1.5,0,30,0,0,0,0,0,0,0,0,0,0,0,0,0,0,0,0,0,0,0,0,0,0
mixA,interior,Low,12,5.7,13.4,86,0.48,1.04,0,1.52,3,1.5,1.5,0,34,0,0,0,0,0,0,0,0,0,0,0,0,0,0,0,0,0,0,0,0,0,0
mixB,edge,Low,1,6.4,15.4,287,1.09,0,0.72,1.81,3,1.5,0,1.5,0,0,0,0,0,0,0,0,0,0,0,0,0,0,0,0,0,0,0,0,0,0,0
mixB,edge,Low,2,5.9,15.3,244,1.09,0,0.68,1.77,3,1.5,0,1.5,73,0,0,0,0,0,0,0,0,0,0,0,0,0,0,0,0,0,0,0,0,0,0
mixB,edge,Low,3,6.8,15.7,81.2,0.7,0,0.78,1.48,3,1.5,0,1.5,0,0,0,0,0,0,0,0,0,0,0,0,0,0,0,0,0,0,0,0,0,0,0
mixB,edge,Low,4,6.1,15.6,155.4,0.57,0,0.17,0.74,3,1.5,0,1.5,27,0,0,0,0,0,0,0,0,0,0,0,0,0,0,0,0,0,0,0,0,0,0
mixB,edge,Low,5,6.3,15.3,21.8,0.73,0,0.78,1.51,3,1.5,0,1.5,0,0,0,0,0,0,0,0,0,0,0,0,0,0,0,0,0,1,0,0,0,0,0
mixB,edge,Low,6,NA,NA,NA,0.95,0,0.38,1.33,3,1.5,0,1.5,0,0,0,0,0,0,0,0,0,0,0,0,0,0,0,0,0,0,0,0,0,0,0
mixB,edge,Low,7,6.4,15,130.6,0.89,0,0.36,1.25,3,1.5,0,1.5,25,0,0,0,0,0,0,0,0,0,0,0,0,0,0,0,0,0,0,0,0,0,0
mixB,edge,Low,8,6.4,13.9,140.9,1.14,0,0.44,1.58,3,1.5,0,1.5,13,0,0,0,0,0,0,0,0,0,2,0,0,0,0,0,0,0,0,0,0,0,0
mixB,edge,Low,9,5.3,13.5,121.7,1.01,0,0.88,1.89,3,1.5,0,1.5,56,0,0,0,0,0,0,0,0,0,2,1,1,0,0,0,0,0,0,0,0,0,0
mixB,edge,Low,10,5.2,14.3,128.4,0.71,0,0.56,1.27,3,1.5,0,1.5,48,0,0,0,0,0,0,0,0,0,0,0,0,0,0,0,0,0,0,0,0,0,0
mixB,edge,Low,11,5.4,13.8,244,1.07,0,0.58,1.65,3,1.5,0,1.5,0,0,0,0,0,0,0,0,0,0,0,0,0,0,0,1,0,0,0,0,0,0,0
mixB,edge,Low,12,7.1,13,628,1.27,0,0.7,1.97,3,1.5,0,1.5,1,0,0,0,0,0,0,0,0,0,0,0,0,0,0,0,0,0,0,0,0,0,0
mixB,interior,Low,1,6.4,14.5,926,0.94,0,0.46,1.4,3,1.5,0,1.5,2,0,0,0,0,0,0,0,0,0,2,0,0,0,0,0,0,0,0,0,0,0,0
mixB,interior,Low,2,6.8,14,200,0.73,0,0.13,0.86,3,1.5,0,1.5,58,0,0,0,0,0,0,0,0,0,0,0,0,0,0,0,0,0,0,0,0,0,0
mixB,interior,Low,3,6.2,15.4,381,1.18,0,0.53,1.71,3,1.5,0,1.5,0,0,0,0,0,0,0,0,0,0,0,0,0,0,0,0,0,0,0,0,0,0,0
mixB,interior,Low,4,6.8,15.6,313,0.94,0,0.38,1.32,3,1.5,0,1.5,36,0,0,0,0,0,0,0,0,0,0,0,0,0,0,0,0,0,0,0,0,0,0
mixB,interior,Low,5,6.1,15,341,0.9,0,0.34,1.24,3,1.5,0,1.5,65,0,0,0,0,0,0,0,0,0,0,0,0,0,0,1,0,0,0,0,0,0,0
mixB,interior,Low,6,5.8,14.6,144.4,0.81,0,0.3,1.11,3,1.5,0,1.5,81,0,0,0,0,0,0,0,0,0,0,0,0,0,0,0,0,0,0,0,0,0,0
mixB,interior,Low,7,6.2,15.2,94,0.54,0,0.14,0.68,3,1.5,0,1.5,115,0,0,0,0,0,0,0,0,0,0,0,0,0,0,0,0,0,0,0,0,0,0
mixB,interior,Low,8,6.4,14,358,1.08,0,0.67,1.75,3,1.5,0,1.5,0,0,0,0,0,0,0,0,0,0,0,1,1,0,0,0,0,0,0,0,0,0,0
mixB,interior,Low,9,5.9,13.5,297,1.06,0,0.36,1.42,3,1.5,0,1.5,45,0,0,0,0,0,0,0,0,0,0,0,0,0,0,0,0,0,0,0,0,0,0
mixB,interior,Low,10,6.1,13.9,174.3,0.85,0,0.48,1.33,3,1.5,0,1.5,36,0,0,0,0,0,0,0,0,0,0,0,0,0,0,0,0,0,0,0,0,0,0
mixB,interior,Low,11,5.9,13.2,299,0.79,0,0.48,1.27,3,1.5,0,1.5,0,0,0,0,0,0,0,0,0,0,2,0,0,0,0,0,0,0,0,0,0,0,0
mixB,interior,Low,12,7.1,13.5,101.3,0.56,0,0.51,1.07,3,1.5,0,1.5,54,0,0,0,0,0,0,0,0,0,0,0,0,0,0,0,0,0,0,0,0,0,0
mixC,edge,Low,1,6.5,15.3,522,0,0.97,0.42,1.39,3,0,1.5,1.5,98,0,0,0,0,0,0,0,0,0,0,0,0,0,0,0,0,0,0,0,0,0,0
mixC,edge,Low,2,6.1,15.8,142.7,0,1,0.18,1.18,3,0,1.5,1.5,27,0,0,0,0,0,0,0,0,0,1,0,0,0,0,0,0,0,0,0,0,0,0
mixC,edge,Low,3,6.3,15.8,235,0,1.01,0.23,1.24,3,0,1.5,1.5,2,0,0,0,0,0,0,0,0,0,1,0,0,0,0,0,0,0,0,0,0,0,0
mixC,edge,Low,4,6.1,15.7,445,0,1.17,0.64,1.81,3,0,1.5,1.5,0,0,0,0,0,0,0,0,0,0,0,0,0,0,0,0,0,0,0,0,0,0,0
mixC,edge,Low,5,6.7,15.4,73.7,0,1.17,0.6,1.77,3,0,1.5,1.5,0,0,0,0,0,0,0,0,0,0,0,0,0,0,0,1,0,0,0,0,0,0,0
mixC,edge,Low,6,6.4,15.1,150.4,0,0.95,0.63,1.58,3,0,1.5,1.5,28,0,0,0,0,0,0,0,0,0,1,0,0,0,0,0,0,0,0,0,0,0,0
mixC,edge,Low,7,6.2,15.1,349,0,1.09,0.33,1.42,3,0,1.5,1.5,19,0,0,0,0,0,0,0,0,0,0,0,0,1,0,0,0,0,0,0,0,0,0
mixC,edge,Low,8,6.4,14,58.4,0,1.29,0.67,1.96,3,0,1.5,1.5,0,0,0,0,0,0,0,0,0,0,0,0,0,0,0,0,0,0,0,0,0,0,0
mixC,edge,Low,9,5.4,13.7,92.5,0,1,0.42,1.42,3,0,1.5,1.5,37,1,0,0,0,0,0,0,0,0,0,0,0,0,0,0,0,0,0,0,0,0,0
mixC,edge,Low,10,6.1,14.4,78.5,0,1.2,0.24,1.44,3,0,1.5,1.5,58,0,0,0,0,0,0,0,0,0,0,0,0,0,0,0,0,0,0,0,0,0,0
mixC,edge,Low,11,5.9,13.2,244,0,1.16,0.59,1.75,3,0,1.5,1.5,2,0,0,0,0,0,0,0,0,0,0,0,0,0,0,0,0,0,0,0,0,0,0
mixC,edge,Low,12,6.2,13,180.3,0,1.15,0.71,1.86,3,0,1.5,1.5,79,0,0,0,0,0,0,0,0,0,0,0,0,0,0,0,0,0,0,0,0,0,0
mixC,interior,Low,1,6.2,14.7,417,0,1.22,0.3,1.52,3,0,1.5,1.5,63,0,0,0,0,0,0,0,0,0,1,0,0,0,0,0,0,1,0,0,0,0,0
mixC,interior,Low,2,6.5,14.4,761,0,1.04,0.46,1.5,3,0,1.5,1.5,0,0,0,0,0,0,0,0,0,0,0,0,0,0,0,0,0,0,0,0,0,0,0
mixC,interior,Low,3,NA,NA,NA,NA,NA,NA,NA,3,0,1.5,1.5,NA,NA,NA,NA,NA,NA,NA,NA,NA,NA,NA,NA,NA,NA,NA,NA,NA,NA,NA,NA,NA,NA,NA
mixC,interior,Low,4,6.9,15.5,140.9,0,0.92,0.23,1.15,3,0,1.5,1.5,14,0,0,0,0,0,0,0,0,0,0,0,0,0,0,0,0,0,0,0,0,0,0
mixC,interior,Low,5,6.3,14.9,192.5,0,1.15,0.58,1.73,3,0,1.5,1.5,19,0,0,0,0,0,0,0,0,0,1,0,0,0,0,0,0,0,0,0,0,0,0
mixC,interior,Low,6,5.7,14.7,121.8,0,1.15,0.35,1.5,3,0,1.5,1.5,19,0,0,0,0,0,0,0,0,0,1,0,0,0,0,1,0,0,0,0,0,0,0
mixC,interior,Low,7,6,14.9,116.1,0,1.13,0.13,0.13,3,0,1.5,1.5,109,0,0,0,0,0,0,0,0,0,0,0,0,0,0,0,0,1,0,0,0,0,0
mixC,interior,Low,8,6.5,13.8,237,0,1.28,0.26,1.54,3,0,1.5,1.5,16,0,0,0,0,0,0,0,0,0,2,0,0,0,0,0,0,0,0,0,0,0,0
mixC,interior,Low,9,6.6,13.5,52.3,0,1.2,0.43,0.79,3,0,1.5,1.5,34,0,0,0,0,0,0,0,0,0,1,0,0,0,0,0,0,0,0,0,0,0,0
mixC,interior,Low,10,5.8,13.3,727,0,0.5,0.34,0.84,3,0,1.5,1.5,0,0,0,0,0,0,0,0,0,0,0,0,0,0,0,0,0,0,0,0,0,0,0
mixC,interior,Low,11,5.3,13.2,140.2,0,1.2,0.68,1.88,3,0,1.5,1.5,26,0,0,0,0,0,0,0,0,0,0,0,0,0,0,0,0,0,0,0,0,0,0
mixC,interior,Low,12,NA,NA,NA,0,1.2,0.63,1.83,3,0,1.5,1.5,39,0,0,0,0,0,0,0,0,0,0,0,0,0,0,0,0,0,0,0,0,0,0
mixD,edge,Low,1,6.6,15.3,524,0.28,0.36,0.55,1.19,3,1,1,1,0,0,0,0,0,0,0,0,0,0,0,0,0,0,0,0,0,0,0,0,0,0,0
mixD,edge,Low,2,6.1,15.7,136,0.29,0.27,0.07,0.63,3,1,1,1,47,0,0,0,0,0,0,0,0,0,0,0,0,0,0,0,0,0,0,0,0,0,0
mixD,edge,Low,3,6.5,15.7,306,0.28,0.45,0.25,0.98,3,1,1,1,51,0,0,0,0,0,0,0,0,0,0,0,0,0,0,0,0,0,0,0,0,0,0
mixD,edge,Low,4,6.5,15.7,266,0.48,0.36,0.47,1.31,3,1,1,1,53,0,0,0,0,0,0,0,0,0,1,0,0,0,0,0,0,0,0,0,0,0,0
mixD,edge,Low,5,6.6,15.5,272,0.42,0.98,0.44,1.84,3,1,1,1,0,0,0,0,0,0,0,0,0,0,0,0,0,0,0,0,0,0,0,0,0,0,0
mixD,edge,Low,6,6.7,15.2,125,0.07,0.77,0.25,1.09,3,1,1,1,67,0,0,0,0,0,0,0,0,0,0,0,0,0,0,0,0,0,0,0,0,0,0
mixD,edge,Low,7,6.6,15.1,303,0.3,0.7,0.12,1.12,3,1,1,1,42,0,0,0,0,0,0,0,0,0,1,0,0,0,0,0,0,0,0,0,0,0,0
mixD,edge,Low,8,6.2,14.1,88.6,0.51,0.37,0.37,1.25,3,1,1,1,1,0,0,0,0,0,0,0,0,0,1,0,0,0,0,0,0,0,0,0,0,0,0
mixD,edge,Low,9,5.6,13.7,61.6,0.22,0.36,0.19,0.77,3,1,1,1,68,0,0,0,0,0,0,0,0,0,4,0,0,0,0,0,0,0,0,0,0,0,0
mixD,edge,Low,10,5.9,14.4,82.6,0.55,0.79,0.35,1.69,3,1,1,1,5,0,0,0,0,0,0,0,0,0,1,0,0,0,0,1,0,0,0,0,0,0,0
mixD,edge,Low,11,NA,NA,NA,NA,NA,NA,NA,3,1,1,1,NA,NA,NA,NA,NA,NA,NA,NA,NA,NA,NA,NA,NA,NA,NA,NA,NA,NA,NA,NA,NA,NA,NA
mixD,edge,Low,12,6.5,13.3,270,0.36,0.89,0.34,1.59,3,1,1,1,5,0,0,0,0,0,0,0,0,0,1,0,0,0,0,1,0,0,0,0,0,0,0
mixD,interior,Low,1,6,14.9,160,0.81,0.15,0.3,1.26,3,1,1,1,0,0,0,0,0,0,0,0,0,0,0,0,0,0,0,1,0,0,0,0,0,0,0
mixD,interior,Low,2,NA,NA,NA,NA,NA,NA,NA,3,1,1,1,NA,NA,NA,NA,NA,NA,NA,NA,NA,NA,NA,NA,NA,NA,NA,NA,NA,NA,NA,NA,NA,NA,NA
mixD,interior,Low,3,7,15.5,99.8,NA,NA,NA,NA,3,1,1,1,48,0,0,0,0,0,0,0,0,0,0,0,0,0,0,0,0,0,0,0,0,0,0
mixD,interior,Low,4,NA,NA,NA,NA,NA,NA,NA,3,1,1,1,NA,NA,NA,NA,NA,NA,NA,NA,NA,NA,NA,NA,NA,NA,NA,NA,NA,NA,NA,NA,NA,NA,NA
mixD,interior,Low,5,6.3,14.9,138.2,0.31,0.4,0.15,0.86,3,1,1,1,41,0,0,0,0,0,0,0,0,0,0,0,0,0,0,0,0,0,0,0,0,0,0
mixD,interior,Low,6,5.9,14.8,602,0.38,0.68,0.24,1.3,3,1,1,1,79,0,0,0,0,0,0,0,0,0,2,0,0,0,0,0,0,1,0,0,0,0,0
mixD,interior,Low,7,6,15,85.4,0.22,0.67,0.22,1.11,3,1,1,1,13,0,0,0,0,0,0,0,0,0,0,0,0,0,0,0,0,0,0,0,0,0,0
mixD,interior,Low,8,6.6,13.7,156.3,NA,NA,NA,NA,3,1,1,1,16,0,0,0,0,0,0,0,0,0,0,0,0,0,0,0,0,0,0,0,0,0,0
mixD,interior,Low,9,6.4,13.5,34.1,0.28,0.47,0.22,0.97,3,1,1,1,51,0,0,0,0,0,0,0,0,0,0,0,0,0,0,0,0,0,0,0,0,0,0
mixD,interior,Low,10,5.8,14,638,0.24,0.78,0.3,1.32,3,1,1,1,18,0,0,0,0,0,0,0,0,0,0,0,0,0,0,0,0,0,0,0,0,0,0
mixD,interior,Low,11,NA,NA,NA,NA,NA,NA,NA,3,1,1,1,1,0,0,0,0,0,0,0,0,0,0,0,0,0,0,0,0,0,0,0,0,0,0
mixD,interior,Low,12,6.1,13.4,227,0.18,0.56,0.19,0.93,3,1,1,1,27,0,0,0,0,0,0,0,0,0,0,0,0,0,0,0,0,0,0,0,0,0,0
nomixA,edge,Low,1,6,15.8,38.2,1.41,0,0,1.41,3,3,0,0,112,0,0,0,0,0,0,0,0,0,0,0,0,0,0,0,0,0,0,0,0,0,0
nomixA,edge,Low,2,6.4,15.9,339,1.47,0,0,1.47,3,3,0,0,66,0,0,0,0,0,0,0,0,0,0,0,0,0,0,0,0,0,0,0,0,0,0
nomixA,edge,Low,3,6.8,15.9,84.8,1.86,0,0,1.95,3,3,0,0,79,0,0,0,0,0,0,0,0,0,0,0,0,0,0,0,0,0,0,0,0,0,0
nomixA,edge,Low,4,5.9,15.2,97.4,1.96,0,0,1.96,3,3,0,0,15,0,0,0,0,0,0,0,0,0,0,0,0,0,0,0,0,0,0,0,0,0,0
nomixA,edge,Low,5,5.9,15.5,138.2,1.52,0,0,1.52,3,3,0,0,45,0,0,0,0,0,0,0,0,0,0,0,0,0,0,0,0,0,0,0,0,0,0
nomixA,edge,Low,6,5.7,15.4,104.6,1.7,0,0,1.7,3,3,0,0,0,0,0,0,0,0,0,0,0,0,0,1,1,0,0,0,0,0,0,0,0,0,0
nomixA,edge,Low,7,6.5,15,236,1.7,0,0,1.7,3,3,0,0,0,0,0,0,0,0,0,0,0,0,0,0,0,0,0,0,0,0,0,0,0,0,0
nomixA,edge,Low,8,5.6,13.6,55.7,1.77,0,0,1.77,3,3,0,0,16,0,0,0,0,0,0,0,0,0,1,0,0,0,0,0,0,0,0,0,0,0,0
nomixA,edge,Low,9,4.8,13.6,110.1,1.9,0,0,1.9,3,3,0,0,0,0,0,0,0,0,0,0,0,0,0,0,0,0,0,0,0,0,0,0,0,0,0
nomixA,edge,Low,10,5.8,14,55.1,1.48,0,0,1.48,3,3,0,0,153,0,0,0,0,0,0,0,0,0,1,0,0,0,0,0,0,0,0,0,0,0,0
nomixA,edge,Low,11,6.1,14,68.7,1.68,0,0,1.68,3,3,0,0,51,0,0,0,0,0,0,0,0,0,0,0,0,0,0,0,0,0,0,0,0,0,0
nomixA,edge,Low,12,5.7,13,588,1.16,0,0,1.16,3,3,0,0,119,0,0,0,0,0,0,0,0,0,0,0,0,0,0,0,0,0,0,0,0,0,0
nomixA,interior,Low,1,6.1,14.7,93.6,NA,0,0,NA,3,3,0,0,0,0,0,0,0,0,0,0,0,0,0,0,0,0,0,1,0,0,0,0,0,0,0
nomixA,interior,Low,2,6.3,14.4,57.1,1.83,0,0,1.83,3,3,0,0,4,0,0,0,0,0,0,0,0,0,0,0,0,0,0,0,0,0,0,0,0,0,0
nomixA,interior,Low,3,6.4,15.6,105,1.35,0,0,1.17,3,3,0,0,0,0,0,0,0,0,0,0,0,0,0,0,0,0,0,0,0,0,0,0,0,0,0
nomixA,interior,Low,4,NA,NA,NA,NA,NA,NA,NA,3,3,0,0,NA,NA,NA,NA,NA,NA,NA,NA,NA,NA,NA,NA,NA,NA,NA,NA,NA,NA,NA,NA,NA,NA,NA
nomixA,interior,Low,5,5.8,15.4,49.3,1.95,0,0,1.95,3,3,0,0,0,0,0,0,0,0,0,0,0,0,0,0,0,0,0,0,0,0,0,0,0,0,0
nomixA,interior,Low,6,6.1,15.2,118.6,2.21,0,0,2.21,3,3,0,0,2,0,0,0,0,0,0,0,0,0,0,0,0,0,0,0,0,0,0,0,0,0,0
nomixA,interior,Low,7,6.5,15.5,645,1.17,0,0,1.17,3,3,0,0,64,0,0,0,0,0,0,0,0,0,0,0,0,0,0,0,0,0,0,0,0,0,0
nomixA,interior,Low,8,6.9,14.3,183.9,1.85,0,0,1.85,3,3,0,0,0,0,0,0,0,0,0,0,0,0,0,2,2,0,0,0,0,0,0,0,0,0,0
nomixA,interior,Low,9,6.1,13.6,129.2,2.02,0,0,2.02,3,3,0,0,34,0,0,0,0,0,0,0,0,0,0,0,0,0,0,0,0,0,0,0,0,0,0
nomixA,interior,Low,10,NA,NA,NA,NA,NA,NA,NA,3,3,0,0,NA,NA,NA,NA,NA,NA,NA,NA,NA,NA,NA,NA,NA,NA,NA,NA,NA,NA,NA,NA,NA,NA,NA
nomixA,interior,Low,11,6,13.1,91.8,1.7,0,0,1.7,3,3,0,0,70,0,0,0,0,0,0,0,0,0,0,0,0,0,0,0,0,0,0,0,0,0,0
nomixA,interior,Low,12,5.2,13.1,56.6,1.67,0,0,1.67,3,3,0,0,60,0,0,0,0,0,0,0,0,0,0,0,0,0,0,0,0,0,0,0,0,0,0
nomixB,edge,Low,1,6.1,15.2,53.7,0,0.87,0,0.87,3,0,3,0,44,0,0,0,0,0,0,0,0,0,0,0,0,0,0,0,0,0,0,0,0,0,0
nomixB,edge,Low,2,6,15.9,59,0,0.7,0,0.7,3,0,3,0,10,0,0,0,0,0,0,0,0,0,0,0,0,0,0,0,0,0,0,0,0,0,0
nomixB,edge,Low,3,6.6,15.8,304,0,0.72,0,0.72,3,0,3,0,60,0,0,0,0,0,0,0,0,0,0,0,0,0,0,0,0,0,0,0,0,0,0
nomixB,edge,Low,4,5.9,15.4,270,0,0.84,0,0.84,3,0,3,0,33,0,0,0,0,0,0,0,0,0,1,0,0,0,0,0,0,0,0,0,0,0,0
nomixB,edge,Low,5,5.9,15.2,456,0,0.83,0,0.83,3,0,3,0,0,0,0,0,0,0,0,0,0,0,0,0,0,0,0,0,0,0,0,0,0,0,0
nomixB,edge,Low,6,6.8,15.3,55.9,0,0.98,0,0.98,3,0,3,0,29,0,0,0,0,0,0,0,0,0,0,0,0,0,0,0,0,0,0,0,0,0,0
nomixB,edge,Low,7,6,14.2,392,0,0.95,0,0.95,3,0,3,0,0,0,0,0,0,0,0,0,0,0,0,0,0,0,0,0,0,0,0,0,0,0,0
nomixB,edge,Low,8,5.4,13.6,66.5,0,0.76,0,0.76,3,0,3,0,15,0,0,0,0,0,0,0,0,0,0,0,0,0,0,0,0,0,0,0,0,0,0
nomixB,edge,Low,9,4.8,13.6,106.5,0,0.77,0,0.77,3,0,3,0,20,0,0,0,0,0,0,0,0,0,0,0,0,0,0,0,0,0,0,0,0,0,0
nomixB,edge,Low,10,6,12,83.8,0,0.98,0,0.98,3,0,3,0,31,0,0,0,0,0,0,0,0,0,0,0,0,0,0,0,0,0,0,0,0,0,0
nomixB,edge,Low,11,5.8,13.9,154.2,0,NA,0,NA,3,0,3,0,80,0,0,0,0,0,0,0,0,0,0,0,0,0,0,0,0,0,1,0,0,0,0
nomixB,edge,Low,12,6.7,12.9,89.5,0,0.82,0,0.82,3,0,3,0,37,0,0,0,0,0,0,0,0,0,0,0,0,0,0,0,0,0,0,0,0,0,0
nomixB,interior,Low,1,7,14.7,114.8,0,0.88,0,0.88,3,0,3,0,53,0,0,0,0,0,0,0,0,0,2,0,0,0,0,0,0,0,0,0,0,0,0
nomixB,interior,Low,2,6.4,14.7,109.1,0,0.55,0,0.55,3,0,3,0,59,0,0,0,0,0,0,0,0,0,0,0,0,0,0,0,0,0,1,0,0,0,0
nomixB,interior,Low,3,6.7,15.6,447,0,1,0,1,3,0,3,0,0,0,0,0,0,0,0,0,0,0,0,0,0,0,0,0,0,0,0,0,0,0,0
nomixB,interior,Low,4,NA,NA,NA,NA,NA,NA,NA,3,0,3,0,NA,NA,NA,NA,NA,NA,NA,NA,NA,NA,NA,NA,NA,NA,NA,NA,NA,NA,NA,NA,NA,NA,NA
nomixB,interior,Low,5,6,15.3,45.6,0,0.31,0,0.31,3,0,3,0,10,0,0,0,0,0,0,0,0,0,0,1,1,0,0,0,0,0,0,0,0,0,0
nomixB,interior,Low,6,6,14.8,136.9,0,0.72,0,0.72,3,0,3,0,0,0,0,0,0,0,0,0,0,0,0,0,0,0,0,0,0,0,0,0,0,0,0
nomixB,interior,Low,7,6.2,15.5,236,0,0.9,0,0.9,3,0,3,0,54,0,0,0,0,0,0,0,0,0,1,0,0,0,0,0,0,0,0,0,0,0,0
nomixB,interior,Low,8,6.8,14.4,338,0,0.74,0,0.74,3,0,3,0,0,0,0,0,0,0,0,0,0,0,0,0,0,0,0,0,0,0,0,0,0,0,0
nomixB,interior,Low,9,6,13.5,104.3,0,0.8,0,0.8,3,0,3,0,40,0,0,0,0,0,0,0,0,0,0,0,0,0,0,0,0,0,0,0,0,0,0
nomixB,interior,Low,10,6.2,13.9,85.3,0,NA,0,NA,3,0,3,0,5,0,0,0,0,0,0,0,0,0,0,0,0,0,0,0,0,0,0,0,0,0,0
nomixB,interior,Low,11,6.2,13.1,144.8,0,0.87,0,0.87,3,0,3,0,0,0,0,0,0,0,0,0,0,0,0,0,0,0,0,0,0,0,0,0,0,0,0
nomixB,interior,Low,12,4.8,13,41.3,0,0.59,0,0.59,3,0,3,0,53,0,0,0,0,0,0,0,0,0,2,0,0,0,0,0,0,0,0,0,0,0,0
nomixC,edge,Low,1,5.8,15.8,380,0,0,1.24,1.24,3,0,0,3,2,0,0,0,0,0,0,0,0,0,1,0,0,0,0,0,0,0,0,0,0,0,0
nomixC,edge,Low,2,6,15.6,275,0,0,1.06,1.06,3,0,0,3,17,0,0,0,0,0,0,0,0,0,0,0,0,0,0,0,0,0,0,0,0,0,0
nomixC,edge,Low,3,6.5,15.5,135,0,0,0.75,0.75,3,0,0,3,12,0,0,0,0,0,0,0,0,0,0,0,0,0,0,0,0,0,0,0,0,0,0
nomixC,edge,Low,4,6.1,15.5,835,0,0,0.9,0.9,3,0,0,3,15,0,0,0,0,0,0,0,0,0,0,0,0,0,0,0,0,0,0,0,0,0,0
nomixC,edge,Low,5,NA,NA,NA,NA,NA,NA,NA,3,0,0,3,NA,NA,NA,NA,NA,NA,NA,NA,NA,NA,NA,NA,NA,NA,NA,NA,NA,NA,NA,NA,NA,NA,NA
nomixC,edge,Low,6,NA,NA,NA,0,0,1.3,1.3,3,0,0,3,0,0,0,0,0,0,0,0,0,0,0,1,1,0,0,0,0,0,0,0,0,0,0
nomixC,edge,Low,7,6.6,15,1117,0,0,1.16,1.16,3,0,0,3,21,1,0,0,0,0,0,0,0,0,0,0,0,0,0,0,0,0,0,0,0,0,0
nomixC,edge,Low,8,6.2,13.8,440,0,0,0.73,0.73,3,0,0,3,27,0,0,0,0,0,0,0,0,0,1,0,0,0,0,0,0,0,0,0,0,0,0
nomixC,edge,Low,9,5,13.6,80.1,0,0,1.49,1.49,3,0,0,3,37,0,0,0,0,0,0,0,0,0,0,0,0,0,0,0,0,0,0,0,0,0,0
nomixC,edge,Low,10,5.6,14.3,106.2,0,0,0.67,0.67,3,0,0,3,47,0,0,0,0,0,0,0,0,0,0,0,0,0,0,1,0,0,0,0,0,0,0
nomixC,edge,Low,11,5.1,13.8,735,0,0,0.82,0.82,3,0,0,3,37,0,0,0,0,0,0,0,0,0,0,0,0,0,0,0,0,0,0,0,0,0,0
nomixC,edge,Low,12,5.8,13.7,88.7,0,0,0.24,0.24,3,0,0,3,24,0,0,0,0,0,0,0,0,0,0,0,0,0,0,0,0,0,0,0,0,0,0
nomixC,interior,Low,1,5.9,14.7,240,0,0,1.02,1.02,3,0,0,3,18,0,0,0,0,0,0,0,0,0,0,0,0,0,0,0,0,0,0,0,0,0,0
nomixC,interior,Low,2,6.6,14.6,630,0,0,1.42,1.42,3,0,0,3,0,0,0,0,0,0,0,0,0,0,0,0,0,0,0,0,0,0,0,0,0,0,0
nomixC,interior,Low,3,NA,NA,NA,NA,NA,NA,NA,3,0,0,3,NA,NA,NA,NA,NA,NA,NA,NA,NA,NA,NA,NA,NA,NA,NA,NA,NA,NA,NA,NA,NA,NA,NA
nomixC,interior,Low,4,NA,NA,NA,NA,NA,NA,NA,3,0,0,3,NA,NA,NA,NA,NA,NA,NA,NA,NA,NA,NA,NA,NA,NA,NA,NA,NA,NA,NA,NA,NA,NA,NA
nomixC,interior,Low,5,6.1,15.3,216,0,0,1.06,1.06,3,0,0,3,31,0,0,0,0,0,0,0,0,0,0,0,0,0,0,0,0,0,0,0,0,0,0
nomixC,interior,Low,6,6.4,15.3,273,0,0,1.03,1.03,3,0,0,3,5,0,0,0,0,0,0,0,0,0,2,0,0,0,0,0,0,0,0,0,0,0,0
nomixC,interior,Low,7,6.2,15.4,140.1,0,0,0.81,0.81,3,0,0,3,16,0,0,0,0,0,0,0,0,0,0,0,0,0,0,0,0,0,0,0,0,0,0
nomixC,interior,Low,8,6.6,14,98.1,0,0,0.7,0.7,3,0,0,3,35,0,0,0,0,0,0,0,0,0,0,0,0,0,0,0,0,0,0,0,0,0,0
nomixC,interior,Low,9,5.9,13.5,115.9,0,0,0.92,0.92,3,0,0,3,34,0,0,0,0,0,0,0,0,0,0,0,0,0,0,0,0,0,0,0,0,0,0
nomixC,interior,Low,10,6.3,14,210,0,0,1.05,1.05,3,0,0,3,76,0,0,0,0,0,0,0,0,0,0,0,0,0,0,0,0,0,0,0,0,0,0
nomixC,interior,Low,11,6.1,13.2,298,0,0,0.94,0.94,3,0,0,3,83,0,0,0,0,0,0,0,0,0,1,0,0,0,0,0,0,0,0,0,0,0,0
nomixC,interior,Low,12,NA,13.6,33.6,0,0,1.4,1.4,3,0,0,3,14,0,0,0,0,0,0,0,0,0,0,0,0,0,0,0,0,0,0,0,0,0,0
mixA,edge,Middle,1,6.2,13.4,113.9,0.33,0.46,0,0.79,3,1.5,1.5,0,0,0,0,0,0,0,0,0,0,0,4,0,0,1,0,0,0,1,0,0,0,0,0
mixA,edge,Middle,2,6.1,13.8,224,0,0.4,0,0.4,3,1.5,1.5,0,0,0,0,0,0,0,0,0,0,0,4,0,0,0,0,0,0,0,0,0,0,0,0
mixA,edge,Middle,3,6.6,14,139,0.39,0.38,0,0.77,3,1.5,1.5,0,95,0,0,0,0,0,0,0,0,0,10,0,0,0,0,0,0,0,0,0,0,0,0
mixA,edge,Middle,4,6.7,15.4,162.9,0.56,0.62,0,1.18,3,1.5,1.5,0,1,0,0,0,0,0,1,0,0,0,4,0,0,0,0,0,0,0,0,0,0,0,0
mixA,edge,Middle,5,6.4,14.9,780,0.74,0.59,0,1.33,3,1.5,1.5,0,0,0,0,0,0,0,0,0,0,0,18,0,0,1,0,0,0,0,0,0,0,0,0
mixA,edge,Middle,6,6.7,13.8,103.5,0.64,1.03,0,1.67,3,1.5,1.5,0,0,0,0,0,0,0,0,0,0,0,0,0,0,0,0,0,0,0,0,0,0,0,0
mixA,edge,Middle,7,6.2,15.1,862,0.53,0.74,0,1.27,3,1.5,1.5,0,0,0,0,0,0,0,0,0,0,0,0,0,0,0,0,0,0,0,0,0,0,0,0
mixA,edge,Middle,8,5.8,15.7,6.71,0.55,0.56,0,1.11,3,1.5,1.5,0,0,0,0,0,0,0,0,0,0,0,0,0,0,0,0,0,0,0,0,0,0,0,0
mixA,edge,Middle,9,7.1,12.1,272,NA,NA,0,NA,3,1.5,1.5,0,6,0,0,0,0,0,0,0,0,0,16,0,0,0,0,0,0,2,0,0,0,0,0
mixA,edge,Middle,10,6.3,13.1,452,0.85,0.8,0,1.65,3,1.5,1.5,0,2,0,0,0,0,0,0,0,0,0,1,0,0,0,0,0,0,0,0,0,0,0,0
mixA,edge,Middle,11,6.2,12,257,0.67,0.39,0,1.06,3,1.5,1.5,0,3,0,0,0,0,0,0,0,0,0,0,0,0,0,0,0,0,0,0,0,0,0,0
mixA,edge,Middle,12,5.4,10.1,171.8,0.41,1.3,0,1.71,3,1.5,1.5,0,0,0,0,0,0,0,0,0,0,0,7,0,0,1,0,2,0,0,0,0,0,0,0
mixA,interior,Middle,1,6.2,13.3,194.6,0.85,1.2,0,2.05,3,1.5,1.5,0,0,0,0,0,7,0,0,0,0,0,9,0,0,0,0,0,0,0,0,0,0,0,0
mixA,interior,Middle,2,6.6,13.8,138.6,0.69,0.55,0,1.24,3,1.5,1.5,0,2,0,0,0,0,0,0,0,0,0,6,0,0,0,0,1,0,0,0,0,0,0,0
mixA,interior,Middle,3,6.2,13.1,275,NA,NA,0,NA,3,1.5,1.5,0,0,0,0,0,0,0,0,0,0,0,5,0,0,0,0,0,0,1,0,0,0,0,0
mixA,interior,Middle,4,5.9,15.2,243,0.7,0.63,0,1.33,3,1.5,1.5,0,0,0,0,0,0,0,0,0,0,0,13,0,0,0,0,0,0,0,0,0,0,0,0
mixA,interior,Middle,5,7.3,15,378,0.45,0.48,0,0.93,3,1.5,1.5,0,0,0,0,0,0,0,0,0,0,0,3,0,0,0,0,0,0,0,0,0,0,0,0
mixA,interior,Middle,6,6.4,14,96.2,0.72,0.6,0,1.32,3,1.5,1.5,0,0,0,0,0,0,0,0,0,0,0,0,0,0,0,0,0,0,0,0,0,0,0,0
mixA,interior,Middle,7,6.3,13.5,919,0.92,1.33,0,2.25,3,1.5,1.5,0,0,0,0,0,0,0,0,0,0,0,1,0,0,0,0,0,0,0,0,0,0,0,0
mixA,interior,Middle,8,5,13.1,553,0.73,0.35,0,1.08,3,1.5,1.5,0,0,0,0,0,0,0,0,0,0,0,0,0,0,0,0,0,0,0,0,0,0,0,0
mixA,interior,Middle,9,5.7,13,286,0.89,1.16,0,2.05,3,1.5,1.5,0,0,0,0,0,0,0,0,0,0,0,0,0,0,0,0,0,0,1,0,0,0,0,0
mixA,interior,Middle,10,6.4,11.5,412,1,1.33,0,2.56,3,1.5,1.5,0,0,0,0,0,0,0,1,0,0,0,8,0,0,0,0,0,0,1,0,0,0,0,0
mixA,interior,Middle,11,6.8,10.8,2.25,0.68,0.78,0,1.46,3,1.5,1.5,0,0,0,0,0,0,0,0,0,0,0,4,0,0,0,0,0,0,0,0,0,0,0,0
mixA,interior,Middle,12,6.7,10.3,79.6,0.72,0.64,0,1.36,3,1.5,1.5,0,0,0,0,0,0,0,0,0,0,0,5,0,0,0,0,0,0,0,0,0,0,0,0
mixB,edge,Middle,1,5.8,13.8,672,0.69,0,0.87,1.56,3,1.5,0,1.5,0,0,0,0,0,0,0,0,0,0,9,0,0,0,0,0,0,0,0,0,0,0,0
mixB,edge,Middle,2,6,13.8,983,0.76,0,0.66,1.42,3,1.5,0,1.5,0,0,0,0,0,0,0,0,0,0,0,0,0,0,0,0,0,0,0,0,0,0,0
mixB,edge,Middle,3,6.3,15,128,0.69,0,1.38,2.07,3,1.5,0,1.5,46,0,0,0,0,0,0,0,0,0,3,0,0,0,0,0,0,0,0,0,0,0,0
mixB,edge,Middle,4,6.3,15.2,813,0.69,0,0.85,1.54,3,1.5,0,1.5,0,0,0,0,0,0,0,0,0,0,5,0,0,0,0,1,0,0,0,0,0,0,0
mixB,edge,Middle,5,6.9,15.4,1008,0.7,0,0.86,1.56,3,1.5,0,1.5,0,0,0,0,0,0,0,0,0,0,13,0,0,0,0,0,0,0,0,0,0,0,0
mixB,edge,Middle,6,6.2,15.4,398,0.75,0,0.83,1.58,3,1.5,0,1.5,0,0,0,0,0,0,0,0,0,0,0,0,0,0,0,0,0,0,0,0,0,0,0
mixB,edge,Middle,7,6.4,15.1,19.6,0.77,0,0.42,1.19,3,1.5,0,1.5,4,0,0,0,0,0,0,0,0,0,6,0,0,0,0,0,0,0,0,0,0,0,0
mixB,edge,Middle,8,6.1,14.4,197.9,0.77,0,0.69,1.46,3,1.5,0,1.5,0,0,0,0,0,0,0,0,0,0,0,0,0,0,0,0,0,0,0,0,0,0,0
mixB,edge,Middle,9,6.7,12.4,1446,0.68,0,0.64,1.32,3,1.5,0,1.5,0,0,0,0,0,0,0,0,0,0,0,0,0,0,0,0,0,0,0,0,0,0,0
mixB,edge,Middle,10,6.3,12.9,556,0.62,0,0.77,1.39,3,1.5,0,1.5,0,0,0,1,0,0,0,0,0,0,2,0,0,0,0,0,0,0,0,0,0,0,0
mixB,edge,Middle,11,6.2,11.1,1451,0.41,0,0.92,1.33,3,1.5,0,1.5,0,0,0,0,0,0,0,0,0,0,0,0,0,0,0,0,0,0,0,0,0,0,0
mixB,edge,Middle,12,5.5,10.1,385,0.87,0,0.5,1.37,3,1.5,0,1.5,0,0,0,0,0,0,0,0,0,0,15,0,0,0,0,1,0,0,0,0,0,0,0
mixB,interior,Middle,1,6.5,12.9,237,0.26,0,1.36,1.62,3,1.5,0,1.5,0,0,0,0,1,1,0,0,0,0,20,0,0,0,0,0,0,0,0,0,0,0,0
mixB,interior,Middle,2,6.1,14.6,564,1.11,0,0.64,1.75,3,1.5,0,1.5,0,0,0,0,0,0,0,0,0,0,6,0,0,0,0,0,0,0,0,0,0,0,0
mixB,interior,Middle,3,6.3,13.1,221,0.6,0,1.06,1.66,3,1.5,0,1.5,0,0,0,0,0,0,0,0,0,0,3,0,0,0,0,0,0,0,0,0,0,0,0
mixB,interior,Middle,4,6.1,15.5,489,0.99,0,0.39,1.38,3,1.5,0,1.5,0,0,0,0,0,0,0,0,0,0,12,0,0,0,0,2,0,0,0,0,0,0,0
mixB,interior,Middle,5,6.5,14.7,652,0.94,0,0.4,1.34,3,1.5,0,1.5,0,0,0,0,0,0,0,0,0,0,0,0,0,0,0,0,0,0,0,0,0,0,0
mixB,interior,Middle,6,6.3,13,543,0.78,0,0.71,1.49,3,1.5,0,1.5,0,0,0,0,0,0,0,0,0,0,0,0,0,0,0,0,0,1,0,0,0,0,0
mixB,interior,Middle,7,6.5,14.2,288,0.41,0,0.93,1.34,3,1.5,0,1.5,123,0,0,0,0,0,0,0,0,0,0,0,0,0,0,0,0,1,0,0,0,0,0
mixB,interior,Middle,8,6.1,12.4,553,0.93,0,0.53,1.46,3,1.5,0,1.5,0,0,0,0,0,0,0,0,0,0,0,0,0,0,0,0,0,0,0,0,0,0,0
mixB,interior,Middle,9,5.6,12.4,261,0.84,0,0.8,1.64,3,1.5,0,1.5,0,0,0,0,0,0,0,0,0,0,1,0,0,0,0,0,0,1,0,0,0,0,0
mixB,interior,Middle,10,6.5,11.6,475,0.84,0,0.5,1.34,3,1.5,0,1.5,0,0,0,0,0,0,0,0,0,0,2,0,0,0,0,0,0,3,0,0,0,0,0
mixB,interior,Middle,11,6.6,10.7,137.1,0.28,0,1.38,1.66,3,1.5,0,1.5,2,0,0,0,0,0,0,0,0,0,0,0,0,0,0,0,0,0,0,0,0,0,0
mixB,interior,Middle,12,6.6,10,230,0.41,0,1.33,1.94,3,1.5,0,1.5,0,0,0,0,0,0,0,0,0,0,4,0,0,0,0,0,0,0,0,0,0,0,0
mixC,edge,Middle,1,6,14.4,242,0,1.33,0.62,1.95,3,0,1.5,1.5,0,0,0,0,0,0,0,0,0,0,8,0,0,0,0,0,0,0,0,0,0,0,0
mixC,edge,Middle,2,6.3,13.4,646,0,0.53,0.89,1.42,3,0,1.5,1.5,0,0,0,0,0,0,0,0,0,0,5,0,0,0,0,0,0,1,0,0,0,0,0
mixC,edge,Middle,3,6,15.4,218,0,1.31,0.5,1.81,3,0,1.5,1.5,2,0,0,0,0,0,0,0,0,0,5,0,0,0,0,0,0,0,0,0,0,0,0
mixC,edge,Middle,4,6.6,15.5,130.6,0,0.86,0.49,1.35,3,0,1.5,1.5,0,0,0,0,0,0,0,0,0,0,26,0,0,0,0,0,0,0,0,0,0,0,0
mixC,edge,Middle,5,6.8,14.9,1579,0,1.29,0.7,1.99,3,0,1.5,1.5,0,0,0,0,0,0,0,0,0,0,12,0,0,0,0,0,0,0,0,0,0,0,0
mixC,edge,Middle,6,6.3,13.9,277,0,1.01,0.59,1.6,3,0,1.5,1.5,0,0,0,0,0,0,0,0,0,0,0,0,0,0,0,0,0,0,0,0,0,0,0
mixC,edge,Middle,7,5.9,14,436,0,1.32,0.77,2.09,3,0,1.5,1.5,3,0,0,1,0,1,0,0,0,0,0,0,0,0,0,0,0,0,0,0,0,0,0
mixC,edge,Middle,8,6.2,14.7,213,0,0.35,0.69,1.04,3,0,1.5,1.5,0,0,0,0,0,0,0,0,0,0,0,0,0,0,0,0,0,0,0,0,0,0,0
mixC,edge,Middle,9,6.6,12.2,527,0,1.06,0.71,1.77,3,0,1.5,1.5,33,0,0,0,0,0,0,0,0,0,0,0,0,0,0,0,0,0,0,0,0,0,0
mixC,edge,Middle,10,6.4,12.8,749,0,1.17,0.69,1.86,3,0,1.5,1.5,0,0,0,0,0,0,0,0,0,0,3,0,0,0,0,0,0,2,0,0,0,0,0
mixC,edge,Middle,11,6.6,11.1,131.5,0,1.35,0.57,1.92,3,0,1.5,1.5,11,0,0,0,0,0,0,0,0,0,18,0,0,0,0,0,0,1,0,0,0,0,0
mixC,edge,Middle,12,5.8,10,82,0,1.27,0.62,1.89,3,0,1.5,1.5,15,0,0,0,0,0,0,0,0,0,1,0,0,0,0,0,0,0,0,0,0,0,0
mixC,interior,Middle,1,5.7,13.9,362,0,1.27,0.71,1.98,3,0,1.5,1.5,0,0,0,0,0,0,0,0,0,0,7,0,0,0,0,1,0,0,0,0,0,0,0
mixC,interior,Middle,2,6.3,13,236,0,1.18,0.69,1.87,3,0,1.5,1.5,17,0,0,0,0,0,0,0,0,0,0,0,0,0,0,0,0,1,0,0,0,0,0
mixC,interior,Middle,3,6.2,13.4,400,0,1.01,0.8,1.81,3,0,1.5,1.5,0,0,0,0,0,0,0,0,0,0,11,0,0,0,0,0,0,0,0,0,0,0,0
mixC,interior,Middle,4,6.9,15.1,984,0,1.28,0.68,1.96,3,0,1.5,1.5,0,0,0,0,0,0,0,0,0,0,8,0,0,0,0,0,0,1,0,0,0,0,0
mixC,interior,Middle,5,7,15.1,377,0,1.1,0.6,1.7,3,0,1.5,1.5,2,0,0,0,0,0,0,0,0,0,0,0,0,0,0,0,0,0,0,0,0,0,0
mixC,interior,Middle,6,6.5,13.8,169,0,1.22,0.64,1.86,3,0,1.5,1.5,4,0,0,0,0,0,0,0,0,0,0,0,0,0,0,1,0,0,0,0,0,0,0
mixC,interior,Middle,7,6.5,13.7,326,0,1.38,0.37,1.75,3,0,1.5,1.5,0,0,14,0,0,0,0,0,0,0,0,0,0,0,0,0,0,1,0,0,0,0,0
mixC,interior,Middle,8,6,12.7,508,0,1.28,0.75,2.03,3,0,1.5,1.5,0,0,0,0,0,0,0,0,0,0,0,0,0,0,0,0,0,0,0,0,0,0,0
mixC,interior,Middle,9,5.7,12.3,209,0,1.22,0.82,2.04,3,0,1.5,1.5,0,0,0,0,0,0,0,0,0,0,0,0,0,0,0,0,0,0,0,0,0,0,0
mixC,interior,Middle,10,6.6,12.3,118,0,1.29,0.69,1.98,3,0,1.5,1.5,0,0,0,0,0,0,0,0,0,0,0,0,0,0,0,0,0,0,0,0,0,0,0
mixC,interior,Middle,11,6.2,10.5,609,0,1.16,0.9,2.06,3,0,1.5,1.5,1,0,0,0,0,0,0,0,0,0,3,0,0,0,0,0,0,0,0,0,0,0,0
mixC,interior,Middle,12,6.5,10,300,0,1.32,0.59,1.91,3,0,1.5,1.5,0,0,0,0,0,0,0,0,0,0,0,0,0,0,0,0,0,1,0,0,0,0,0
mixD,edge,Middle,1,6.1,14.3,190.4,0.57,0.8,0,1.65,3,1,1,1,0,0,0,0,0,0,0,0,0,0,14,0,0,0,0,1,0,0,0,0,0,0,0
mixD,edge,Middle,2,6.8,14.3,179.1,0.12,0.83,0.33,1.28,3,1,1,1,29,0,0,0,0,0,0,0,0,0,4,0,0,0,0,0,0,0,0,0,0,0,0
mixD,edge,Middle,3,6.1,13.7,112,0.37,0.83,0.3,1.5,3,1,1,1,4,0,0,0,0,0,0,0,0,0,1,0,0,0,0,0,0,0,0,0,0,0,0
mixD,edge,Middle,4,NA,14.6,176.6,0.24,0.83,0.75,1.82,3,1,1,1,0,0,0,0,0,0,0,0,0,0,20,0,0,0,0,0,0,0,0,0,0,0,0
mixD,edge,Middle,5,6.6,15.3,548,NA,NA,NA,NA,3,1,1,1,NA,NA,NA,NA,NA,NA,NA,NA,NA,NA,NA,NA,NA,NA,NA,NA,NA,NA,NA,NA,NA,NA,NA
mixD,edge,Middle,6,6.3,15.7,233,0.49,0.9,0.45,1.84,3,1,1,1,0,1,0,0,0,0,0,0,0,0,12,0,0,0,0,0,0,0,0,0,0,0,0
mixD,edge,Middle,7,6.5,15.5,71,0.42,0.82,0.2,1.44,3,1,1,1,0,0,0,0,0,0,0,0,0,0,0,0,0,0,0,0,0,0,0,0,0,0,0
mixD,edge,Middle,8,6.1,15.5,349,0.29,0.84,0.47,1.6,3,1,1,1,0,0,0,0,0,0,0,0,0,0,0,0,0,0,0,0,0,0,0,0,0,0,0
mixD,edge,Middle,9,6.4,12.2,902,0.36,0.94,0.39,1.69,3,1,1,1,0,0,0,0,0,0,0,0,0,0,5,0,0,0,0,0,0,0,0,0,0,0,0
mixD,edge,Middle,10,6.6,12.7,232,0.2,0.83,0.55,1.58,3,1,1,1,0,0,0,0,0,0,0,0,0,0,1,0,0,0,0,0,0,1,0,0,0,0,0
mixD,edge,Middle,11,6.6,11.1,143.1,0.46,0.85,0.7,2.01,3,1,1,1,0,0,0,0,0,0,0,0,0,0,3,0,0,0,0,0,0,0,0,0,0,0,0
mixD,edge,Middle,12,5.5,10,229,0,0.9,0.6,2.05,3,1,1,1,0,0,0,0,0,0,0,0,0,0,0,0,0,0,0,0,0,0,0,0,0,0,0
mixD,interior,Middle,1,6,14,855,0.41,0.65,0.51,1.57,3,1,1,1,4,0,0,0,0,0,0,0,0,0,0,0,0,0,0,0,0,0,0,0,0,0,0
mixD,interior,Middle,2,6.5,12.9,158.8,0.34,0.84,0.9,2.08,3,1,1,1,0,0,0,0,0,1,0,0,0,0,8,0,0,0,0,0,0,0,0,0,0,0,0
mixD,interior,Middle,3,6,13.8,161.5,0.32,0.82,0.32,1.46,3,1,1,1,8,0,0,0,0,0,1,0,0,0,16,0,0,0,0,0,0,1,0,0,0,0,0
mixD,interior,Middle,4,7,14.3,321,0.35,0.87,0.35,1.57,3,1,1,1,0,0,0,0,0,0,0,0,0,0,3,0,0,0,0,0,0,0,0,0,0,0,0
mixD,interior,Middle,5,6.7,15.2,518,0.28,0.87,0.9,2.05,3,1,1,1,0,0,0,0,0,0,0,0,0,0,3,0,0,0,0,0,0,0,0,0,0,0,0
mixD,interior,Middle,6,6.1,14.8,476,0.5,0.82,0.63,1.95,3,1,1,1,0,0,0,0,0,0,0,0,0,0,12,0,0,0,0,0,0,1,0,0,0,0,0
mixD,interior,Middle,7,6.3,13.8,191.3,0.13,0.94,0.7,1.77,3,1,1,1,0,0,0,0,0,0,0,0,0,0,12,0,0,0,0,0,0,1,0,0,0,0,0
mixD,interior,Middle,8,6,12.8,348,0.32,0.94,0.8,2.15,3,1,1,1,0,0,0,0,0,0,0,0,0,0,0,0,0,0,0,0,0,0,0,0,0,0,0
mixD,interior,Middle,9,5.9,12.4,88.9,0.31,0.84,0.52,1.67,3,1,1,1,0,0,0,0,0,0,0,0,0,0,0,0,0,0,0,0,0,0,0,0,0,0,0
mixD,interior,Middle,10,6.3,11.8,145,0.23,0.85,0.59,1.67,3,1,1,1,0,0,0,0,0,0,0,0,0,0,0,0,0,0,0,0,0,0,0,0,0,0,0
mixD,interior,Middle,11,6.2,10.5,1030,0.4,0.9,0.87,2.17,3,1,1,1,0,0,0,0,0,0,0,0,0,0,10,0,0,0,0,0,0,1,0,0,0,0,0
mixD,interior,Middle,12,6.9,10,146.5,0.41,0.88,0.47,1.76,3,1,1,1,0,0,0,0,0,0,0,0,0,0,0,0,0,0,0,1,0,0,0,0,0,0,0
nomixA,edge,Middle,1,5.9,15.9,382,2.1,0,0,2.1,3,3,0,0,0,0,0,0,0,0,0,0,0,0,3,0,0,0,0,0,0,0,0,0,0,0,0
nomixA,edge,Middle,2,7,13.7,86.1,2.23,0,0,2.23,3,3,0,0,0,0,0,0,0,1,0,0,0,0,12,0,0,0,0,0,0,2,0,0,0,0,0
nomixA,edge,Middle,3,6.5,15.2,306,1.93,0,0,1.93,3,3,0,0,6,0,0,0,0,0,0,0,0,0,9,0,0,0,0,0,0,0,0,0,0,0,0
nomixA,edge,Middle,4,6.3,14.7,137.5,1.8,0,0,1.8,3,3,0,0,0,0,0,0,0,0,0,0,0,0,9,0,0,0,0,0,0,0,0,0,0,0,0
nomixA,edge,Middle,5,7.3,15.5,139.2,2.23,0,0,2.23,3,3,0,0,0,0,0,0,0,0,0,0,0,0,11,0,0,0,0,0,0,0,0,0,0,0,0
nomixA,edge,Middle,6,7.2,13.2,74.8,2.13,0,0,2.13,3,3,0,0,0,0,0,0,0,0,0,0,0,0,4,0,0,0,0,0,0,0,0,0,0,0,0
nomixA,edge,Middle,7,6.1,15.5,148.8,1.99,0,0,1.99,3,3,0,0,14,0,0,0,0,0,0,0,0,0,0,0,0,0,0,0,0,0,0,0,0,0,0
nomixA,edge,Middle,8,6.2,15.1,335,1.97,0,0,1.97,3,3,0,0,0,0,0,0,0,0,0,0,0,0,1,0,0,0,0,0,0,0,0,0,0,0,0
nomixA,edge,Middle,9,6.3,12.1,241,1.96,0,0,1.96,3,3,0,0,0,0,0,0,0,0,0,0,0,0,0,0,0,0,0,0,0,0,0,0,0,0,0
nomixA,edge,Middle,10,6.1,13,219,2.02,0,0,2.02,3,3,0,0,0,0,0,0,0,0,0,0,0,0,0,0,0,0,0,0,0,0,0,0,0,0,0
nomixA,edge,Middle,11,6.9,11.3,253,2.05,0,0,2.05,3,3,0,0,0,0,0,0,0,0,0,0,0,0,2,0,0,1,0,0,0,0,0,0,0,0,0
nomixA,edge,Middle,12,5.6,10.5,72,2.2,0,0,2.2,3,3,0,0,20,0,0,0,0,0,0,0,0,0,0,0,0,0,0,0,0,0,0,0,0,0,0
nomixA,interior,Middle,1,5.9,14,124,2.25,0,0,2.25,3,3,0,0,0,0,0,0,0,0,0,0,0,0,14,0,0,0,0,1,0,0,0,0,0,0,0
nomixA,interior,Middle,2,6.4,13.1,457,1.97,0,0,1.97,3,3,0,0,0,0,0,0,0,0,0,0,0,0,2,0,0,0,0,0,0,0,0,0,0,0,0
nomixA,interior,Middle,3,6.3,13.1,315,1.56,0,0,1.56,3,3,0,0,0,0,0,0,0,0,0,0,0,0,10,0,0,0,0,0,0,0,0,0,0,0,0
nomixA,interior,Middle,4,6,14.5,212,2.15,0,0,2.15,3,3,0,0,0,0,0,0,0,0,0,0,0,0,3,0,0,0,0,0,0,0,0,0,0,0,0
nomixA,interior,Middle,5,6.9,14.8,190.6,2.16,0,0,2.16,3,3,0,0,17,0,0,0,0,0,0,0,0,0,13,0,0,0,0,0,0,0,0,0,0,0,0
nomixA,interior,Middle,6,NA,NA,NA,NA,NA,NA,NA,3,3,0,0,NA,NA,NA,NA,NA,NA,NA,NA,NA,NA,NA,NA,NA,NA,NA,NA,NA,NA,NA,NA,NA,NA,NA
nomixA,interior,Middle,7,6.3,13.3,186.5,2.01,0,0,2.01,3,3,0,0,0,0,0,0,0,0,0,0,0,0,1,0,0,0,0,0,0,0,0,0,0,0,0
nomixA,interior,Middle,8,6.5,13.7,80.4,2.06,0,0,2.06,3,3,0,0,0,0,0,0,0,0,0,0,0,0,0,0,0,0,0,0,0,4,0,0,0,0,0
nomixA,interior,Middle,9,5.9,13.8,149.1,1.93,0,0,1.93,3,3,0,0,10,1,0,0,0,0,2,0,0,0,2,0,0,0,0,0,0,0,0,0,0,0,0
nomixA,interior,Middle,10,6.8,11.7,287,2.14,0,0,2.14,3,3,0,0,5,0,0,0,0,0,0,0,0,0,6,0,0,0,0,0,0,0,0,0,0,0,0
nomixA,interior,Middle,11,7,10.7,580,2.15,0,0,2.15,3,3,0,0,3,0,0,0,0,0,0,0,0,0,1,0,0,0,0,0,0,0,0,0,0,0,0
nomixA,interior,Middle,12,5.7,11,79.1,1.96,0,0,1.96,3,3,0,0,85,0,0,0,0,0,0,0,2,0,0,0,0,0,0,0,0,0,0,0,0,0,0
nomixB,edge,Middle,1,6.1,13.3,91.6,0,1.26,0,1.26,3,0,3,0,0,0,0,0,0,0,0,0,0,0,15,0,0,0,0,0,0,0,0,0,0,0,0
nomixB,edge,Middle,2,6.3,13.6,127.2,0,2.36,0,2.36,3,0,3,0,0,0,0,0,0,0,0,0,0,0,13,0,0,0,0,0,0,0,0,0,0,0,0
nomixB,edge,Middle,3,6.8,13.3,213,0,0.84,0,0.84,3,0,3,0,2,0,0,0,0,0,0,0,0,0,16,0,0,0,0,0,0,1,0,0,0,0,0
nomixB,edge,Middle,4,6.3,14.7,222,0,2.22,0,2.22,3,0,3,0,10,0,0,1,0,0,0,0,0,0,6,0,0,0,0,0,0,0,0,0,0,0,0
nomixB,edge,Middle,5,7.1,15.3,455,0,2.58,0,2.58,3,0,3,0,1,0,0,0,0,0,0,0,0,0,4,0,0,2,0,0,0,0,0,0,0,0,0
nomixB,edge,Middle,6,6.5,14.2,318,0,2.12,0,2.12,3,0,3,0,37,0,0,0,0,0,0,0,0,0,0,0,0,0,0,0,0,0,0,0,0,0,0
nomixB,edge,Middle,7,6.2,14.7,185.9,0,1.4,0,1.4,3,0,3,0,0,0,0,0,0,0,0,0,0,0,0,0,0,0,0,0,0,0,0,0,0,0,0
nomixB,edge,Middle,8,6.1,14.5,97.5,0,2.05,0,2.05,3,0,3,0,0,0,0,0,0,0,0,0,0,0,0,0,0,0,0,0,0,0,0,0,0,0,0
nomixB,edge,Middle,9,6.3,12,368,0,2.28,0,2.28,3,0,3,0,0,0,0,0,0,0,0,0,0,0,0,0,0,0,0,0,0,0,0,0,0,0,0
nomixB,edge,Middle,10,5.9,13.1,343,0,0.9,0,0.9,3,0,3,0,8,0,0,0,0,0,0,0,0,0,10,0,0,0,0,0,0,0,0,0,0,0,0
nomixB,edge,Middle,11,6.8,11.7,151,0,2.34,0,2.34,3,0,3,0,0,0,0,0,0,0,0,0,0,0,4,0,0,0,0,0,0,0,0,0,0,0,0
nomixB,edge,Middle,12,5.6,13.6,121.6,0,2.37,0,2.37,3,0,3,0,1,0,0,0,0,0,0,0,0,0,0,0,0,0,0,0,0,0,0,0,0,0,0
nomixB,interior,Middle,1,6.2,14.8,136.8,0,1.04,0,1.04,3,0,3,0,0,0,0,0,0,0,0,0,0,0,14,0,0,0,0,0,0,0,0,0,0,0,0
nomixB,interior,Middle,2,6,13.5,573,0,2.22,0,2.22,3,0,3,0,0,0,0,0,0,0,0,0,0,0,1,0,0,1,0,0,0,0,0,0,0,0,0
nomixB,interior,Middle,3,6.7,14.6,114.4,0,1.15,0,1.15,3,0,3,0,11,0,0,0,0,0,0,0,0,0,10,0,0,0,0,0,0,0,0,0,0,0,0
nomixB,interior,Middle,4,6.5,14.6,163.8,0,1,0,1,3,0,3,0,0,0,0,0,0,0,0,0,0,0,4,0,0,0,0,2,0,0,0,0,0,0,0
nomixB,interior,Middle,5,7.1,14.8,168,0,1.19,0,1.19,3,0,3,0,0,1,0,0,0,0,1,0,0,0,12,0,0,0,0,1,0,1,0,0,0,0,0
nomixB,interior,Middle,6,NA,NA,NA,NA,NA,NA,NA,3,0,3,0,NA,NA,NA,NA,NA,NA,NA,NA,NA,NA,NA,NA,NA,NA,NA,NA,NA,NA,NA,NA,NA,NA,NA
nomixB,interior,Middle,7,6.2,13.2,156.1,0,2.4,0,2.4,3,0,3,0,0,0,0,0,0,0,0,0,0,0,0,0,0,0,0,0,0,0,0,0,0,0,0
nomixB,interior,Middle,8,6.4,12.9,131.7,0,2.18,0,2.18,3,0,3,0,0,0,0,0,0,0,0,0,0,0,0,0,0,0,0,0,0,1,0,0,0,0,0
nomixB,interior,Middle,9,6.3,12.7,99.7,0,0.87,0,0.87,3,0,3,0,0,0,0,0,0,0,0,0,0,0,6,0,0,0,0,0,0,0,0,0,0,0,0
nomixB,interior,Middle,10,6.7,13.3,1522,0,2.63,0,2.63,3,0,3,0,0,0,0,0,0,0,0,0,0,0,0,0,0,0,0,0,0,0,0,0,0,0,0
nomixB,interior,Middle,11,6.4,10.6,539,0,1,0,1,3,0,3,0,0,0,0,0,0,0,0,0,0,0,0,0,0,1,0,0,0,0,0,0,0,0,0
nomixB,interior,Middle,12,6.3,10.1,70.7,0,1.07,0,1.07,3,0,3,0,0,0,0,0,0,0,0,0,0,0,0,0,0,0,0,0,0,0,0,0,0,0,0
nomixC,edge,Middle,1,5.7,14.4,688,0,0,1.58,1.58,3,0,0,3,0,0,0,0,0,0,0,0,0,0,7,0,0,0,0,0,0,0,0,0,0,0,0
nomixC,edge,Middle,2,6,14,418,0,0,1.29,1.29,3,0,0,3,0,0,0,0,0,0,0,0,0,0,5,0,0,0,0,0,0,0,0,0,0,0,0
nomixC,edge,Middle,3,5.7,13.6,440,0,0,1.48,1.48,3,0,0,3,3,0,0,0,0,0,0,0,0,0,7,0,0,0,0,0,0,0,0,0,0,0,0
nomixC,edge,Middle,4,6.1,14.9,1195,0,0,1.29,1.29,3,0,0,3,0,0,0,0,0,0,0,0,0,0,0,0,0,0,0,0,0,0,0,0,0,0,0
nomixC,edge,Middle,5,6.7,16.1,1604,0,0,1.07,1.07,3,0,0,3,0,0,0,0,0,0,0,0,0,0,7,0,0,0,0,0,0,0,0,0,0,0,0
nomixC,edge,Middle,6,6.1,14.2,784,0,0,1.4,1.4,3,0,0,3,0,0,0,0,0,0,0,0,0,0,0,0,0,0,0,0,0,0,0,0,0,0,0
nomixC,edge,Middle,7,5.7,13.6,538,0,0,1.29,1.29,3,0,0,3,0,0,0,0,0,0,0,0,0,0,0,0,0,0,0,0,0,0,0,0,0,0,0
nomixC,edge,Middle,8,5.9,15.8,570,0,0,0.9,0.9,3,0,0,3,0,0,0,0,0,0,0,0,0,0,9,0,0,0,0,0,0,0,0,0,0,0,0
nomixC,edge,Middle,9,6.5,12,227,0,0,1.53,1.53,3,0,0,3,0,0,0,0,0,0,0,0,0,0,0,0,0,0,0,0,0,0,0,0,0,0,0
nomixC,edge,Middle,10,6,13.1,834,0,0,1.28,1.28,3,0,0,3,0,0,0,0,0,0,0,0,0,0,0,0,0,0,0,0,0,0,0,0,0,0,0
nomixC,edge,Middle,11,6.7,11,704,0,0,1.05,1.05,3,0,0,3,0,0,0,0,0,0,0,0,0,0,0,0,0,0,0,0,0,0,0,0,0,0,0
nomixC,edge,Middle,12,5.2,10.5,350,0,0,1.15,1.15,3,0,0,3,8,0,0,0,0,0,0,1,0,0,4,0,0,0,0,0,0,0,0,0,0,0,0
nomixC,interior,Middle,1,6,13.4,497,0,0,1,1,3,0,0,3,0,0,0,0,0,0,0,0,0,0,25,0,0,0,0,0,0,0,0,0,0,0,0
nomixC,interior,Middle,2,6.1,13.4,826,0,0,1.36,1.36,3,0,0,3,0,0,0,0,0,0,0,0,0,0,0,0,0,0,0,0,0,0,0,0,0,0,0
nomixC,interior,Middle,3,6.1,13,830,0,0,1.27,1.27,3,0,0,3,14,0,0,0,0,0,0,0,0,0,6,0,0,0,0,0,0,0,0,0,0,0,0
nomixC,interior,Middle,4,6.1,14.1,185.7,0,0,1.42,1.42,3,0,0,3,1,0,0,0,0,0,0,0,0,0,2,0,0,0,0,0,0,0,0,0,0,0,0
nomixC,interior,Middle,5,6.9,15.9,515,0,0,1.1,1.1,3,0,0,3,0,0,0,0,0,0,0,0,0,0,8,0,0,0,0,1,0,1,0,0,0,0,0
nomixC,interior,Middle,6,6.2,12.6,497,0,0,1.84,1.84,3,0,0,3,0,0,0,0,0,0,0,0,0,0,0,0,0,0,0,0,0,1,0,0,0,0,0
nomixC,interior,Middle,7,6.4,15.2,490,0,0,1.34,1.34,3,0,0,3,0,0,0,0,0,0,0,0,0,0,2,0,0,0,0,0,0,1,0,0,0,0,0
nomixC,interior,Middle,8,5.8,14.2,616,0,0,1.21,1.21,3,0,0,3,2,0,0,0,0,0,0,0,0,0,0,0,0,0,0,0,0,1,0,0,0,0,0
nomixC,interior,Middle,9,6.6,13.8,353,0,0,1.3,1.3,3,0,0,3,0,0,0,0,0,0,0,0,0,0,0,0,0,0,0,0,0,0,0,0,0,0,0
nomixC,interior,Middle,10,6.3,11.5,1096,0,0,1.39,1.39,3,0,0,3,0,0,0,0,0,0,0,0,0,0,0,0,0,0,0,1,0,0,0,0,0,0,0
nomixC,interior,Middle,11,6.4,11,724,0,0,1.57,1.57,3,0,0,3,0,0,0,0,0,0,0,0,0,0,3,0,0,0,0,0,0,0,0,0,0,0,0
nomixC,interior,Middle,12,6.3,10,402,0,0,1.82,1.82,3,0,0,3,23,0,0,0,0,0,0,0,0,0,0,0,0,0,0,0,0,0,0,0,0,0,0
mixA,edge,High,1,6.8,10.4,142.4,0.55,0.54,0,1.09,3,1.5,1.5,0,0,0,0,0,0,0,0,0,0,0,0,0,0,0,0,0,0,0,0,0,0,0,0
mixA,edge,High,2,6.6,10.6,246,0.6,0.9,0,1.5,3,1.5,1.5,0,0,4,0,0,0,0,0,0,0,0,2,0,0,0,0,0,0,0,0,0,0,0,0
mixA,edge,High,3,6.2,12.2,156.6,0.7,0.8,0,1.5,3,1.5,1.5,0,0,0,0,0,0,0,0,0,0,0,1,0,0,0,0,0,0,0,0,0,0,0,0
mixA,edge,High,4,6.8,11.2,167.9,0.86,1.37,0,2.25,3,1.5,1.5,0,0,0,0,0,0,0,0,0,0,0,0,0,2,0,0,0,0,0,0,0,0,0,0
mixA,edge,High,5,6.6,11.5,262,0.73,0.42,0,1.15,3,1.5,1.5,0,0,0,0,0,0,0,0,0,0,0,1,0,0,0,0,0,0,0,0,0,0,0,0
mixA,edge,High,6,6.6,11.8,79,0.96,1.27,0,2.23,3,1.5,1.5,0,0,0,0,0,0,0,0,0,0,0,4,0,0,0,0,0,0,0,0,0,0,0,0
mixA,edge,High,7,6.4,13.2,84.1,0.73,0.27,0,1,3,1.5,1.5,0,0,0,0,0,0,0,0,0,0,0,2,0,0,0,0,0,0,0,0,0,1,0,0
mixA,edge,High,8,6.1,12.8,98,1.02,1.33,0,2.35,3,1.5,1.5,0,0,0,0,0,0,0,0,0,0,0,1,0,0,0,0,0,0,0,0,0,0,0,0
mixA,edge,High,9,6.1,12.4,75.2,0.47,0.83,0,1.3,3,1.5,1.5,0,0,0,0,0,0,0,0,0,0,0,0,0,0,0,0,0,0,0,0,0,0,0,0
mixA,edge,High,10,6,12.3,165.1,0.65,0.65,0,1.3,3,1.5,1.5,0,0,0,0,0,0,0,0,0,0,0,0,0,0,0,1,0,0,0,0,0,0,0,0
mixA,edge,High,11,6.5,13.3,115.3,0.74,0.56,0,1.3,3,1.5,1.5,0,0,0,0,0,0,0,0,0,0,0,1,0,0,0,0,0,0,0,0,0,0,0,0
mixA,edge,High,12,6.4,12.7,107.2,0.84,1.2,0,2.04,3,1.5,1.5,0,0,0,0,1,0,0,0,0,0,0,19,0,0,0,0,0,0,0,0,0,0,0,0
mixA,interior,High,1,6.6,10.5,240,0.55,0.64,0,1.19,3,1.5,1.5,0,0,0,0,0,0,0,0,0,0,0,3,0,0,0,0,0,0,0,0,0,0,0,0
mixA,interior,High,2,7.1,10.8,184.3,0.97,1.16,0,2.13,3,1.5,1.5,0,0,0,0,0,0,0,0,0,0,0,3,0,0,0,0,0,0,0,0,0,0,0,0
mixA,interior,High,3,6.6,10.9,96.4,0.63,0.57,0,1.2,3,1.5,1.5,0,0,0,0,0,0,0,0,0,0,0,1,0,0,0,0,0,0,0,0,0,0,0,0
mixA,interior,High,4,7,11.4,83,0.35,0.93,0,1.28,3,1.5,1.5,0,0,0,0,1,0,0,0,0,0,1,0,0,1,0,0,0,0,0,0,0,0,0,0
mixA,interior,High,5,6.3,11.8,359,0.8,1.28,0,2.08,3,1.5,1.5,0,0,0,0,0,0,0,0,0,0,0,5,0,0,0,0,0,0,0,0,0,0,0,0
mixA,interior,High,6,6.6,12,566,0.72,0.64,0,1.36,3,1.5,1.5,0,0,0,0,0,0,0,0,0,0,0,0,0,0,0,0,0,0,0,0,0,0,0,0
mixA,interior,High,7,6.6,11.9,98.2,0.6,0.48,0,1.08,3,1.5,1.5,0,0,0,0,0,0,0,0,0,0,0,0,0,0,0,0,0,0,0,0,0,0,0,0
mixA,interior,High,8,6.2,12.4,185.6,1.06,1.14,0,2.2,3,1.5,1.5,0,0,0,0,0,0,0,0,0,0,0,0,0,3,0,0,0,0,0,0,0,0,0,0
mixA,interior,High,9,6.2,12.2,106.8,0.85,0.71,0,1.56,3,1.5,1.5,0,0,0,0,0,0,0,0,0,0,0,13,0,0,0,0,0,0,0,0,0,0,0,0
mixA,interior,High,10,6.5,12.6,80.9,0.87,1.15,0,2.02,3,1.5,1.5,0,0,0,0,0,0,0,0,0,0,0,10,0,0,0,0,0,0,0,0,0,0,0,0
mixA,interior,High,11,6.1,13,160.7,0,1.26,0,1.26,3,1.5,1.5,0,0,0,0,0,0,0,0,0,0,0,3,0,0,0,0,0,0,0,0,1,0,0,0
mixA,interior,High,12,6.5,12.9,164,0.63,0.58,0,1.21,3,1.5,1.5,0,0,0,0,0,0,0,0,0,0,0,1,0,0,0,0,0,0,0,0,1,0,0,0
mixB,edge,High,1,6.7,10.6,175.1,0.8,0,0.7,1.5,3,1.5,0,1.5,0,0,0,0,0,0,0,0,0,0,0,0,0,0,0,0,0,0,0,0,0,0,0
mixB,edge,High,2,6.8,10.5,516,1.04,0,0.64,1.68,3,1.5,0,1.5,0,0,0,0,0,0,0,0,0,0,6,0,0,0,0,0,0,0,0,0,0,0,0
mixB,edge,High,3,6.5,11.6,172.8,0.77,0,0.52,1.29,3,1.5,0,1.5,0,0,0,0,0,0,0,0,0,0,1,0,0,0,0,0,0,0,0,0,0,0,0
mixB,edge,High,4,6.8,11.1,258,0.88,0,0.54,1.42,3,1.5,0,1.5,0,0,0,0,0,0,0,0,0,0,1,0,0,0,0,0,0,0,0,0,0,0,0
mixB,edge,High,5,6.4,11.7,158.1,1.07,0,0.6,1.67,3,1.5,0,1.5,0,0,0,0,0,0,0,0,0,0,0,0,0,0,0,0,0,0,0,0,0,0,0
mixB,edge,High,6,6.3,12.1,170.2,1.07,0,0.5,1.57,3,1.5,0,1.5,0,0,0,0,0,0,0,0,0,0,0,0,0,0,0,0,0,0,0,0,0,0,0
mixB,edge,High,7,6.2,13.2,496,0.74,0,0.84,1.58,3,1.5,0,1.5,0,0,0,0,0,0,0,0,0,0,1,0,0,0,0,0,0,0,0,0,0,0,0
mixB,edge,High,8,6.4,12.7,101.5,0.63,0,1.01,1.64,3,1.5,0,1.5,0,0,0,0,0,0,0,0,0,0,0,0,0,0,0,0,0,0,0,0,0,0,0
mixB,edge,High,9,6.2,12.5,159.4,1.06,0,0.5,1.56,3,1.5,0,1.5,0,0,0,0,0,0,0,0,0,0,0,0,0,0,0,0,0,0,0,0,0,0,0
mixB,edge,High,10,6,12.5,200,0.74,0,0.67,1.41,3,1.5,0,1.5,0,1,0,0,0,0,0,0,0,0,0,0,0,0,0,0,0,0,0,0,0,0,0
mixB,edge,High,11,5.9,13.3,328,0.87,0,0.58,1.45,3,1.5,0,1.5,0,0,0,0,0,0,0,0,0,0,0,0,0,0,0,0,0,0,0,0,0,0,0
mixB,edge,High,12,5.6,12.6,327,1.3,0,0.37,1.67,3,1.5,0,1.5,0,0,0,0,0,0,0,0,0,0,5,0,0,0,0,0,0,0,0,0,0,0,0
mixB,interior,High,1,6.6,11.4,230,0.97,0,0.56,1.53,3,1.5,0,1.5,0,0,0,0,0,0,0,0,0,0,2,0,0,0,0,0,0,0,0,0,0,0,0
mixB,interior,High,2,7.3,10.5,311,0.9,0,0.83,1.73,3,1.5,0,1.5,0,0,0,0,0,0,0,0,0,0,0,0,0,0,0,0,0,0,0,0,0,0,0
mixB,interior,High,3,6.9,10.9,190.4,0.53,0,1.26,1.79,3,1.5,0,1.5,0,0,0,0,0,0,0,0,0,0,0,0,0,0,0,0,0,0,0,0,0,0,0
mixB,interior,High,4,6.6,11.3,132,0.56,0,0.98,1.54,3,1.5,0,1.5,0,0,0,0,0,0,0,0,0,0,19,0,0,0,0,0,0,0,0,0,0,0,0
mixB,interior,High,5,6.6,11.3,144.9,0.99,0,0.66,1.65,3,1.5,0,1.5,0,1,0,0,0,0,0,0,0,0,12,0,0,0,0,0,0,0,0,0,0,0,0
mixB,interior,High,6,6.5,12.8,194.1,1.19,0,0.35,1.54,3,1.5,0,1.5,0,0,0,0,0,0,0,0,0,0,3,0,0,0,0,0,1,0,0,0,0,0,0
mixB,interior,High,7,6.7,11.9,262,1.1,0,0.58,1.68,3,1.5,0,1.5,0,0,0,0,0,0,0,0,0,0,9,0,0,0,0,0,0,0,0,0,0,0,0
mixB,interior,High,8,5.9,12.3,314,0.85,0,0.68,1.53,3,1.5,0,1.5,0,0,0,0,0,0,0,0,0,0,0,0,0,0,0,0,0,0,1,0,0,0,0
mixB,interior,High,9,6,12.3,205,0.67,0,0.73,1.4,3,1.5,0,1.5,0,0,0,2,0,0,0,0,0,0,9,0,0,0,0,0,0,0,0,0,0,0,0
mixB,interior,High,10,6.4,12.7,225,0.49,0,0.37,0.86,3,1.5,0,1.5,0,0,0,0,0,0,0,0,0,0,2,0,0,0,0,0,0,0,0,0,0,0,0
mixB,interior,High,11,5.8,13,140.4,0.37,0,1.07,1.44,3,1.5,0,1.5,0,0,0,0,0,0,0,0,0,0,1,0,0,0,0,0,0,0,0,3,0,0,0
mixB,interior,High,12,6.1,13,262,0.93,0,0.61,1.54,3,1.5,0,1.5,0,0,0,0,0,0,0,0,0,0,4,0,0,0,0,0,0,1,0,4,0,0,0
mixC,edge,High,1,6.6,10.5,174.8,0,0.57,0.51,1.08,3,0,1.5,1.5,0,0,0,0,0,0,0,0,0,0,0,0,0,0,0,0,0,0,0,0,0,0,0
mixC,edge,High,2,6.9,10.5,62.6,0,0.43,0.73,1.16,3,0,1.5,1.5,0,0,0,0,0,0,0,1,0,0,1,0,0,0,0,0,0,0,0,0,0,0,0
mixC,edge,High,3,NA,11.4,123.6,0,0.46,0.61,1.07,3,0,1.5,1.5,0,0,0,0,0,0,0,0,0,0,0,0,0,0,0,0,0,0,0,0,0,0,0
mixC,edge,High,4,6.7,11.4,335,0,1.46,0.52,1.98,3,0,1.5,1.5,0,0,0,0,1,0,0,0,0,0,1,0,0,0,1,0,0,0,0,0,0,0,0
mixC,edge,High,5,6.5,11.4,182.2,0,1.33,0.37,1.7,3,0,1.5,1.5,0,0,0,0,0,0,0,0,0,0,0,0,0,0,0,0,0,0,0,0,0,0,0
mixC,edge,High,6,6.8,12,NA,0,1,0.42,1.42,3,0,1.5,1.5,0,0,0,0,0,0,0,0,0,0,3,0,0,0,0,0,0,0,0,0,0,0,0
mixC,edge,High,7,6.5,13,216,0,1.3,0.5,1.8,3,0,1.5,1.5,1,0,0,0,0,0,0,0,0,0,6,0,0,0,0,0,0,0,0,0,0,0,0
mixC,edge,High,8,6.4,12.8,229,0,1.38,0.41,1.79,3,0,1.5,1.5,7,0,0,0,0,0,0,0,0,0,0,0,0,0,0,0,0,0,0,0,0,0,0
mixC,edge,High,9,6,12.7,154.8,0,0.41,0.7,1.11,3,0,1.5,1.5,0,0,0,1,0,0,0,0,0,0,2,0,0,0,0,0,0,0,0,0,0,0,0
mixC,edge,High,10,6,12.8,122.2,0,0.62,0.5,1.12,3,0,1.5,1.5,0,0,0,0,0,0,0,0,0,0,0,0,0,0,0,0,0,0,0,0,0,0,0
mixC,edge,High,11,5.7,13.6,226,0,1.38,0.4,1.78,3,0,1.5,1.5,0,0,0,0,0,0,0,0,0,0,0,0,0,0,0,0,0,0,0,0,0,0,0
mixC,edge,High,12,5.7,12.6,115.1,0,1.17,0.59,1.76,3,0,1.5,1.5,0,0,0,0,0,0,0,0,0,0,1,0,0,0,0,0,0,0,0,0,0,0,0
mixC,interior,High,1,7.2,10.3,526,0,1.28,0.43,1.71,3,0,1.5,1.5,0,0,0,0,0,0,0,0,0,0,0,0,0,0,0,0,0,0,0,0,0,0,0
mixC,interior,High,2,7.2,10.7,103.2,0,1.42,0.72,2.14,3,0,1.5,1.5,0,0,0,0,0,0,0,0,0,0,8,0,0,0,0,0,0,0,0,0,0,0,0
mixC,interior,High,3,6.7,11.1,588,0,1.13,0.71,1.84,3,0,1.5,1.5,0,0,0,0,0,0,0,0,0,0,0,0,0,0,0,0,0,0,0,0,0,0,0
mixC,interior,High,4,6.7,11.4,92.6,0,1.45,0.67,2.12,3,0,1.5,1.5,0,0,0,0,0,0,0,0,0,1,7,0,0,0,0,0,0,0,0,0,0,0,0
mixC,interior,High,5,6.4,11.5,182.3,0,1.15,0.58,1.73,3,0,1.5,1.5,0,0,0,0,2,0,0,0,0,0,3,0,0,0,0,0,0,0,0,0,0,0,0
mixC,interior,High,6,7,12.2,216,0,1.25,0.55,1.8,3,0,1.5,1.5,0,0,0,0,0,0,0,0,0,0,6,0,0,0,0,0,0,0,0,0,0,0,0
mixC,interior,High,7,6.6,11.9,221,0,1.27,0.64,1.91,3,0,1.5,1.5,0,0,0,0,0,0,0,0,0,0,4,0,0,0,0,0,0,0,0,0,0,0,0
mixC,interior,High,8,6,12.3,293,0,1.26,0.53,1.79,3,0,1.5,1.5,0,0,0,0,0,0,0,0,0,0,2,0,0,0,0,0,0,0,0,0,0,0,0
mixC,interior,High,9,6,12.2,130.6,0,1.39,0.51,1.9,3,0,1.5,1.5,0,0,0,0,0,0,0,0,0,0,2,0,0,0,0,0,0,0,0,0,0,0,0
mixC,interior,High,10,6.2,12.7,247,0,1.28,0.63,1.91,3,0,1.5,1.5,0,0,0,0,0,0,0,0,0,0,0,0,0,0,0,1,0,0,0,0,0,0,0
mixC,interior,High,11,5.7,13.3,258,0,0.32,0.85,1.17,3,0,1.5,1.5,0,0,0,0,0,0,0,0,0,0,0,0,0,0,0,0,0,0,0,0,0,0,0
mixC,interior,High,12,6.5,13.1,118.8,0,1.25,0.68,1.93,3,0,1.5,1.5,0,0,0,0,0,0,0,0,0,0,2,0,0,0,0,0,0,0,0,0,0,0,0
mixD,edge,High,1,6.6,10.5,774.6,0.37,0.85,0.37,1.59,3,1,1,1,0,0,0,0,0,0,0,0,0,0,0,0,0,0,0,0,0,0,0,0,0,0,0
mixD,edge,High,2,6.8,10.5,120.8,0.39,0.99,0.42,1.8,3,1,1,1,0,0,0,1,0,0,0,0,0,0,0,0,0,0,0,0,0,0,0,0,0,1,0
mixD,edge,High,3,6.2,10.9,132.4,0.17,0.8,0.12,1.09,3,1,1,1,0,0,0,0,0,0,0,0,0,0,1,0,0,0,3,0,0,0,0,0,0,0,0
mixD,edge,High,4,6.9,11.4,170.6,0.1,0.9,0.47,1.47,3,1,1,1,0,0,0,0,0,0,0,0,0,0,1,0,0,0,0,0,0,0,0,0,0,0,0
mixD,edge,High,5,6.3,11.7,202,0.54,0.9,0.45,1.89,3,1,1,1,0,0,0,0,0,0,0,0,0,0,12,0,0,0,0,0,0,0,0,0,0,0,0
mixD,edge,High,6,6.8,12,145.1,0,0.9,0.78,2.05,3,1,1,1,0,0,0,0,0,0,0,0,0,0,0,0,0,0,0,0,0,0,0,0,0,0,0
mixD,edge,High,7,6.2,13,132.9,0.27,0.69,0.4,1.36,3,1,1,1,0,0,0,0,0,0,0,0,0,0,3,0,1,0,0,0,0,0,0,0,0,0,0
mixD,edge,High,8,6,12.7,323,0.58,0.85,0.52,1.95,3,1,1,1,0,0,0,0,0,0,0,0,0,0,0,0,0,0,0,0,0,0,0,1,0,0,0
mixD,edge,High,9,6.1,12.6,347,0.21,0.87,0.35,1.43,3,1,1,1,0,0,0,0,0,0,0,0,0,0,3,0,0,0,0,0,0,0,0,0,0,0,0
mixD,edge,High,10,6.2,12.7,111.6,0.32,0.9,0.48,1.7,3,1,1,1,0,0,0,0,0,0,0,0,0,0,2,0,0,0,0,0,0,0,0,0,0,0,0
mixD,edge,High,11,6,13.1,56,0.37,0.9,0.64,1.91,3,1,1,1,0,0,0,0,0,0,0,0,0,0,0,0,0,0,0,0,0,0,0,0,0,0,0
mixD,edge,High,12,5.6,12.6,148.2,0.7,0.84,0.26,1.8,3,1,1,1,0,0,0,0,0,0,0,0,0,0,4,0,0,0,0,0,0,0,0,0,0,0,0
mixD,interior,High,1,6.6,10.2,212,0.4,0.88,0.34,1.62,3,1,1,1,0,0,0,0,0,0,0,0,0,0,2,0,0,0,0,0,0,0,0,0,0,0,0
mixD,interior,High,2,6.7,10.9,212,0.34,0.96,0.68,1.98,3,1,1,1,0,0,0,0,0,0,0,0,0,0,0,0,0,0,0,0,1,0,0,0,0,0,0
mixD,interior,High,3,6.6,11.2,302,0.35,0.85,0.25,1.45,3,1,1,1,0,0,0,0,0,0,0,0,0,0,1,0,1,0,0,0,2,0,0,0,0,0,1
mixD,interior,High,4,6.6,11.3,77.8,0.36,0.97,0.23,1.56,3,1,1,1,0,0,0,0,0,0,0,0,0,0,21,0,0,0,0,0,0,0,0,0,0,0,0
mixD,interior,High,5,6.6,11.4,228,0.6,0.89,0.47,1.96,3,1,1,1,0,0,0,0,0,0,0,0,0,0,13,0,0,0,0,0,0,0,0,0,0,0,0
mixD,interior,High,6,6.4,11.9,339,0.58,0.98,0.19,1.75,3,1,1,1,0,0,0,0,0,0,0,0,0,0,9,0,1,0,0,0,2,0,0,0,0,0,0
mixD,interior,High,7,6.6,13.2,254,0.67,0.99,0.51,2.17,3,1,1,1,0,0,0,0,0,0,0,0,0,0,0,0,0,0,0,0,1,0,0,0,0,0,0
mixD,interior,High,8,5.9,12.4,229,0.63,0.91,0.4,1.94,3,1,1,1,0,0,0,0,0,0,0,0,0,0,0,0,0,0,0,0,0,0,0,0,0,0,0
mixD,interior,High,9,6,12.2,235,0.25,1,0.43,1.68,3,1,1,1,0,0,0,0,0,0,0,0,0,0,0,0,0,0,0,0,0,0,0,0,0,0,0
mixD,interior,High,10,6.7,12.5,133.3,NA,NA,NA,NA,3,1,1,1,0,0,0,1,0,0,0,0,0,0,1,0,1,0,1,0,0,0,0,0,0,0,0
mixD,interior,High,11,5.9,13.4,98.4,0.22,0.88,0.69,1.79,3,1,1,1,0,0,0,0,0,0,0,0,0,0,4,0,1,0,0,0,0,0,0,0,0,0,0
mixD,interior,High,12,6.5,13,308,0.31,0.84,0.69,1.53,3,1,1,1,0,0,0,0,0,0,0,0,0,0,1,0,1,0,1,0,0,1,0,0,0,0,0
nomixA,edge,High,1,7,10.6,147.6,2.1,0,0,2.1,3,3,0,0,0,3,0,0,0,0,0,0,0,0,0,0,0,0,0,0,0,0,0,0,0,0,0
nomixA,edge,High,2,6.7,11.1,124.5,2.1,0,0,2.1,3,3,0,0,0,1,0,0,0,0,0,0,0,0,7,0,0,0,0,0,0,0,0,0,0,0,0
nomixA,edge,High,3,7.1,11.6,102,2.03,0,0,2.03,3,3,0,0,0,0,0,0,0,0,0,0,0,0,0,0,0,0,0,0,0,0,0,0,0,0,0
nomixA,edge,High,4,6.7,11.3,452,1.9,0,0,1.9,3,3,0,0,0,0,0,0,0,0,0,0,0,0,7,0,0,0,0,0,0,0,0,0,0,0,0
nomixA,edge,High,5,7,11.4,81.7,2,0,0,2,3,3,0,0,0,0,0,0,0,0,0,0,0,0,2,0,0,0,0,0,0,0,0,0,0,0,0
nomixA,edge,High,6,6.4,12.8,297,1.95,0,0,1.95,3,3,0,0,0,0,0,0,0,0,4,0,0,0,6,0,0,0,0,0,0,0,0,0,0,0,0
nomixA,edge,High,7,6.3,13.2,105.7,2.05,0,0,2.05,3,3,0,0,0,0,0,0,0,0,0,0,0,0,3,0,0,0,0,0,0,0,0,0,0,0,0
nomixA,edge,High,8,6.1,12.9,139,2.02,0,0,2.02,3,3,0,0,0,0,0,0,0,0,0,0,0,0,0,0,0,0,0,0,0,0,0,0,0,0,0
nomixA,edge,High,9,5.8,12.3,205,1.87,0,0,1.87,3,3,0,0,0,0,0,0,1,0,0,0,0,0,0,0,0,0,0,0,0,0,0,0,0,0,0
nomixA,edge,High,10,6,12.5,276,1.88,0,0,1.88,3,3,0,0,0,0,0,0,0,0,0,0,0,0,0,0,0,0,0,0,0,0,0,0,0,0,0
nomixA,edge,High,11,6.1,13.3,149.1,1.96,0,0,1.96,3,3,0,0,0,0,0,0,0,0,0,0,0,0,8,0,0,0,0,0,0,0,0,0,0,0,0
nomixA,edge,High,12,5.6,12.9,95.3,1.87,0,0,1.87,3,3,0,0,0,0,0,0,0,0,0,0,0,0,1,0,0,0,0,0,0,0,0,0,0,0,0
nomixA,interior,High,1,6.6,10.3,188.7,2.36,0,0,2.36,3,3,0,0,0,0,0,0,0,0,0,0,0,0,3,0,1,0,0,0,0,0,0,0,0,0,0
nomixA,interior,High,2,7.2,10.9,186.4,2.46,0,0,2.46,3,3,0,0,0,0,0,0,0,0,0,0,0,0,3,0,0,0,0,0,0,0,0,0,0,0,0
nomixA,interior,High,3,6.7,11.2,124.9,2.22,0,0,2.22,3,3,0,0,0,0,0,2,0,0,0,0,0,0,3,0,0,0,0,0,0,0,0,0,0,0,0
nomixA,interior,High,4,6.8,11.4,130.2,2.36,0,0,2.36,3,3,0,0,0,0,0,1,0,0,0,0,0,0,27,0,0,0,0,0,0,0,0,0,0,0,0
nomixA,interior,High,5,6.6,11.4,389,2.33,0,0,2.33,3,3,0,0,0,0,0,0,0,0,0,0,0,0,8,0,0,0,0,0,0,0,0,0,0,0,0
nomixA,interior,High,6,6.6,10.6,311,2.56,0,0,2.56,3,3,0,0,0,0,0,0,0,0,0,0,0,0,7,0,0,0,0,0,0,0,0,0,0,0,0
nomixA,interior,High,7,6.4,11.8,131.3,2.15,0,0,2.15,3,3,0,0,0,0,0,0,0,0,0,0,0,0,0,0,0,0,0,0,0,0,0,0,0,0,0
nomixA,interior,High,8,6.5,12.4,131.9,1.97,0,0,1.97,3,3,0,0,0,1,0,0,0,0,0,0,0,0,4,0,0,0,0,0,0,0,0,0,0,0,0
nomixA,interior,High,9,6.3,12.3,114.6,2.43,0,0,2.43,3,3,0,0,0,0,0,0,0,0,0,0,0,0,0,0,0,0,0,0,0,0,0,0,0,0,0
nomixA,interior,High,10,7,12.7,222,2.13,0,0,2.13,3,3,0,0,0,0,0,0,0,0,0,0,0,0,2,0,0,0,0,0,0,0,0,0,0,0,0
nomixA,interior,High,11,5.9,13,230,2.11,0,0,2.11,3,3,0,0,2,0,0,0,0,0,0,0,0,0,0,0,0,0,0,0,0,0,0,0,0,0,0
nomixA,interior,High,12,5.6,12.6,226,2.11,0,0,2.11,3,3,0,0,0,0,0,0,0,0,0,0,0,0,0,0,0,0,0,0,0,0,0,0,0,0,0
nomixB,edge,High,1,NA,NA,NA,0,1.68,0,1.68,3,0,3,0,0,3,0,0,0,0,0,0,0,0,0,0,0,0,0,0,0,0,0,0,0,0,0
nomixB,edge,High,2,6.9,10.7,105.4,0,2.76,0,2.76,3,0,3,0,0,0,0,1,0,0,0,0,0,0,0,0,0,0,0,0,0,0,0,0,0,0,0
nomixB,edge,High,3,6.5,12.2,102.9,0,0.85,0,0.85,3,0,3,0,0,0,0,0,0,0,0,0,0,0,0,0,0,0,0,0,0,0,0,0,0,0,0
nomixB,edge,High,4,7,11.3,212,0,1.37,0,1.37,3,0,3,0,0,0,0,0,0,0,0,0,0,0,0,0,0,0,0,0,0,0,0,0,0,0,0
nomixB,edge,High,5,6.6,11.5,160.4,0,2.55,0,2.55,3,0,3,0,0,0,0,0,0,0,0,0,0,0,3,0,0,0,0,0,0,0,0,0,0,0,0
nomixB,edge,High,6,6.4,12.4,150.3,0,2.62,0,2.62,3,0,3,0,0,0,0,0,0,0,0,0,0,0,0,0,0,0,0,1,0,0,0,0,0,0,0
nomixB,edge,High,7,6.5,12.5,194.8,0,1.02,0,1.02,3,0,3,0,0,0,0,0,0,0,0,0,0,0,2,0,0,0,0,0,0,0,0,0,0,0,0
nomixB,edge,High,8,6.2,12.9,143.7,0,2.58,0,2.58,3,0,3,0,0,0,0,0,0,0,0,0,0,0,3,0,0,0,0,0,0,0,0,0,0,0,0
nomixB,edge,High,9,5.8,12.3,227,0,1.36,0,1.36,3,0,3,0,0,0,0,0,0,0,0,0,0,0,0,0,0,0,0,0,0,0,0,0,0,0,0
nomixB,edge,High,10,6.2,12.6,94.5,0,2.36,0,2.36,3,0,3,0,0,9,0,0,0,0,0,0,0,0,7,0,0,0,0,0,0,0,0,0,0,0,0
nomixB,edge,High,11,6.1,13.4,147.9,0,2.1,0,2.1,3,0,3,0,0,0,0,0,0,0,0,0,0,0,0,0,0,0,0,0,0,0,0,0,0,0,0
nomixB,edge,High,12,6.3,12.9,754,0,2.56,0,2.56,3,0,3,0,0,0,0,0,0,0,0,0,0,0,0,0,0,0,0,0,0,0,0,0,0,0,0
nomixB,interior,High,1,6.7,10.3,256,0,2.74,0,2.74,3,0,3,0,0,0,0,0,0,0,0,0,0,0,8,0,0,0,0,0,0,1,0,0,0,0,0
nomixB,interior,High,2,7.3,10.6,596,0,2.35,0,2.35,3,0,3,0,0,0,0,0,0,0,0,0,0,0,0,0,0,0,0,0,0,0,0,0,0,0,0
nomixB,interior,High,3,6.8,11,532,0,2.77,0,2.77,3,0,3,0,0,0,0,0,0,0,0,0,0,0,0,0,0,0,0,0,0,0,0,0,0,0,0
nomixB,interior,High,4,6.6,12.3,165.8,0,0.96,0,0.96,3,0,3,0,0,0,0,0,0,0,0,0,0,0,0,0,0,0,0,0,0,0,0,0,0,0,0
nomixB,interior,High,5,6.4,12.1,293,0,1.27,0,1.27,3,0,3,0,0,0,0,1,0,0,0,0,0,0,22,0,0,0,0,0,0,0,0,0,0,0,0
nomixB,interior,High,6,6.2,10.2,385,0,1.52,0,1.52,3,0,3,0,0,0,0,0,0,0,0,0,0,0,0,0,0,0,0,0,0,0,0,0,0,0,0
nomixB,interior,High,7,6.4,11.8,164.8,0,1.7,0,1.7,3,0,3,0,0,0,0,0,0,0,0,0,0,0,2,0,0,0,0,0,0,0,0,0,0,0,0
nomixB,interior,High,8,6.1,12.4,196.1,0,0.95,0,0.95,3,0,3,0,0,0,0,0,0,0,0,0,0,0,1,0,0,0,0,0,0,0,0,0,0,0,0
nomixB,interior,High,9,6.1,12.4,172.1,0,1.63,0,1.63,3,0,3,0,1,0,0,0,0,0,0,0,0,0,0,0,0,0,0,0,0,0,0,0,0,0,0
nomixB,interior,High,10,6.6,13.2,125,0,2.74,0,2.74,3,0,3,0,0,0,0,0,0,0,0,0,0,0,3,0,1,0,0,0,0,0,0,0,0,0,0
nomixB,interior,High,11,5.6,13.2,397,0,1.26,0,1.26,3,0,3,0,0,0,0,0,0,0,0,0,0,0,0,0,0,0,0,0,0,0,0,0,0,0,0
nomixB,interior,High,12,5.7,12.7,278,0,1.04,0,1.04,3,0,3,0,0,0,0,0,0,0,0,0,0,0,2,0,1,0,0,0,1,1,0,0,0,0,0
nomixC,edge,High,1,6.8,10.5,227,0,0,1.43,1.43,3,0,0,3,0,0,0,0,0,0,0,0,0,0,0,0,0,0,0,0,0,0,0,0,0,0,0
nomixC,edge,High,2,6.8,10.7,346,0,0,1.36,1.36,3,0,0,3,0,0,0,0,0,0,0,0,0,0,8,0,0,0,0,0,0,0,0,1,0,0,0
nomixC,edge,High,3,6.2,10.8,164.2,0,0,1.36,1.36,3,0,0,3,0,0,0,0,0,0,0,0,0,0,0,0,0,0,0,0,0,1,0,0,0,0,0
nomixC,edge,High,4,7.2,11.2,141.6,0,0,1.66,1.66,3,0,0,3,0,0,0,0,0,0,0,0,0,0,0,0,0,0,0,0,0,0,0,0,0,0,0
nomixC,edge,High,5,6.2,11.6,200,0,0,1.28,1.28,3,0,0,3,0,1,0,0,0,0,0,0,0,0,3,0,0,0,0,0,0,0,0,0,0,0,0
nomixC,edge,High,6,6.6,11.9,208,0,0,1.73,1.73,3,0,0,3,0,0,0,0,0,0,0,0,0,0,4,0,0,0,0,0,0,0,0,0,0,0,0
nomixC,edge,High,7,6.3,12.8,201,0,0,1.36,1.36,3,0,0,3,0,0,0,0,0,0,0,0,0,0,0,0,0,0,0,0,0,0,0,0,0,0,0
nomixC,edge,High,8,5.9,12.7,119,0,0,1.3,1.3,3,0,0,3,0,0,0,0,0,0,0,0,0,0,0,0,0,0,0,0,0,0,0,0,0,0,0
nomixC,edge,High,9,6.2,12.3,37.3,0,0,1.25,1.25,3,0,0,3,0,0,0,0,0,0,0,0,0,0,3,0,0,0,0,1,0,0,0,0,0,0,0
nomixC,edge,High,10,6,12.4,310,0,0,1.07,1.07,3,0,0,3,0,0,0,0,0,0,0,0,0,0,0,0,0,0,0,0,0,0,0,0,0,0,0
nomixC,edge,High,11,5.9,13.1,300,0,0,1.4,1.4,3,0,0,3,0,0,0,0,0,0,0,0,0,0,2,0,0,0,0,0,0,0,0,0,0,0,0
nomixC,edge,High,12,6.5,12.9,185.9,0,0,1.49,1.49,3,0,0,3,0,0,0,0,0,0,0,0,0,0,0,0,0,0,0,0,0,0,0,0,0,0,0
nomixC,interior,High,1,NA,NA,NA,0,0,1.37,1.37,3,0,0,3,0,0,0,1,0,0,0,0,0,0,0,0,0,0,0,0,0,0,0,0,0,0,0
nomixC,interior,High,2,7.2,10.5,481,0,0,1.63,1.63,3,0,0,3,0,0,0,0,0,0,0,0,0,0,2,0,0,0,0,0,0,0,0,0,0,0,0
nomixC,interior,High,3,6.6,11.1,305,0,0,1.58,1.58,3,0,0,3,0,0,0,0,0,0,0,0,0,0,0,0,0,0,0,0,0,0,0,0,0,0,0
nomixC,interior,High,4,6.6,11.7,568,0,0,1.68,1.68,3,0,0,3,0,0,0,0,0,0,0,0,0,0,7,0,0,0,0,0,0,0,0,0,0,0,0
nomixC,interior,High,5,6.4,11.4,429,0,0,1.2,1.2,3,0,0,3,0,0,0,0,0,0,0,0,0,0,7,0,0,0,0,0,0,0,0,0,0,0,0
nomixC,interior,High,6,6.4,12.8,145.7,0,0,2.2,2.2,3,0,0,3,0,0,0,0,0,0,0,0,0,0,2,0,0,0,0,0,1,0,0,0,0,0,1
nomixC,interior,High,7,6.7,12,483,0,0,1.58,1.58,3,0,0,3,0,0,0,0,0,0,0,0,0,0,4,0,1,0,1,0,0,0,1,0,0,0,0
nomixC,interior,High,8,6.3,12.4,532,0,0,1.48,1.48,3,0,0,3,0,0,0,0,0,0,1,0,0,0,5,0,0,0,0,1,0,0,0,0,0,0,0
nomixC,interior,High,9,6,12.6,314,0,0,1.23,1.23,3,0,0,3,0,0,0,0,0,0,0,0,0,0,3,0,0,0,0,0,0,0,0,0,0,0,0
nomixC,interior,High,10,6,12.9,231,0,0,1.53,1.53,3,0,0,3,0,0,0,0,0,0,0,0,0,0,0,0,0,0,0,0,0,0,0,0,0,0,0
nomixC,interior,High,11,6,13,402,0,0,1.17,1.17,3,0,0,3,0,0,0,0,0,0,0,0,0,0,0,0,0,0,0,0,0,0,0,0,0,0,0
nomixC,interior,High,12,6.2,12.8,259,0,0,1.35,1.35,3,0,0,3,0,1,0,0,0,0,0,0,0,0,0,0,0,0,0,0,0,0,0,0,0,0,0